Device, SerialNo, Battery Level, Measure Date Time, Temperature, Step, Calorie, Sleep State, Sleep Hour, Sleep Minute
7015F3D8-DAF3-873B-6E3D-CD8B6761313D, B180101855, 87, 2021-01-31T01:00:04, 0, 0, 7, 2, 0, 50
7015F3D8-DAF3-873B-6E3D-CD8B6761313D, B180101855, 87, 2021-01-31T01:01:04, 0, 0, 7, 2, 0, 50
7015F3D8-DAF3-873B-6E3D-CD8B6761313D, B180101855, 87, 2021-01-31T01:03:04, 1, 0, 8, 2, 0, 50
7015F3D8-DAF3-873B-6E3D-CD8B6761313D, B180101855, 87, 2021-01-31T01:04:04, 0, 0, 7, 2, 0, 50
7015F3D8-DAF3-873B-6E3D-CD8B6761313D, B180101855, 87, 2021-01-31T01:05:04, 0, 0, 7, 2, 0, 50
7015F3D8-DAF3-873B-6E3D-CD8B6761313D, B180101855, 87, 2021-01-31T01:06:00, 0, 0, 7, 2, 0, 50
7015F3D8-DAF3-873B-6E3D-CD8B6761313D, B180101855, 87, 2021-01-31T01:07:04, 0, 0, 8, 2, 0, 50
7015F3D8-DAF3-873B-6E3D-CD8B6761313D, B180101855, 87, 2021-01-31T01:09:04, 0, 0, 7, 2, 0, 50
7015F3D8-DAF3-873B-6E3D-CD8B6761313D, B180101855, 87, 2021-01-31T01:10:04, 0, 0, 8, 2, 0, 50
7015F3D8-DAF3-873B-6E3D-CD8B6761313D, B180101855, 87, 2021-01-31T01:12:04, 0, 0, 7, 2, 0, 50
7015F3D8-DAF3-873B-6E3D-CD8B6761313D, B180101855, 87, 2021-01-31T01:15:04, 0, 0, 7, 2, 0, 50
7015F3D8-DAF3-873B-6E3D-CD8B6761313D, B180101855, 87, 2021-01-31T01:16:04, 0, 0, 7, 2, 0, 50
7015F3D8-DAF3-873B-6E3D-CD8B6761313D, B180101855, 89, 2021-01-31T01:18:04, 0, 0, 7, 2, 0, 50
7015F3D8-DAF3-873B-6E3D-CD8B6761313D, B180101855, 89, 2021-01-31T01:19:00, 0, 0, 8, 2, 0, 50
7015F3D8-DAF3-873B-6E3D-CD8B6761313D, B180101855, 90, 2021-01-31T01:20:00, 0, 0, 7, 2, 0, 50
7015F3D8-DAF3-873B-6E3D-CD8B6761313D, B180101855, 89, 2021-01-31T01:21:04, 0, 0, 7, 2, 0, 50
7015F3D8-DAF3-873B-6E3D-CD8B6761313D, B180101855, 89, 2021-01-31T01:22:04, 0, 0, 7, 2, 0, 50
7015F3D8-DAF3-873B-6E3D-CD8B6761313D, B180101855, 0, 2021-01-31T01:23:00, 0, 0, 8, 2, 0, 50
7015F3D8-DAF3-873B-6E3D-CD8B6761313D, B180101855, 89, 2021-01-31T01:24:04, 0, 0, 7, 2, 0, 50
7015F3D8-DAF3-873B-6E3D-CD8B6761313D, B180101855, 88, 2021-01-31T01:25:04, 0, 0, 7, 2, 0, 50
7015F3D8-DAF3-873B-6E3D-CD8B6761313D, B180101855, 88, 2021-01-31T01:26:04, 0, 0, 7, 2, 0, 50
7015F3D8-DAF3-873B-6E3D-CD8B6761313D, B180101855, 88, 2021-01-31T01:29:00, 0, 0, 7, 2, 0, 50
7015F3D8-DAF3-873B-6E3D-CD8B6761313D, B180101855, 88, 2021-01-31T01:30:00, 0, 0, 7, 2, 0, 50
7015F3D8-DAF3-873B-6E3D-CD8B6761313D, B180101855, 88, 2021-01-31T01:31:04, 0, 0, 7, 2, 0, 50
7015F3D8-DAF3-873B-6E3D-CD8B6761313D, B180101855, 88, 2021-01-31T01:33:04, 0, 0, 7, 2, 0, 50
7015F3D8-DAF3-873B-6E3D-CD8B6761313D, B180101855, 88, 2021-01-31T01:34:00, 0, 0, 7, 2, 0, 50
7015F3D8-DAF3-873B-6E3D-CD8B6761313D, B180101855, 88, 2021-01-31T01:35:04, 0, 0, 7, 2, 0, 50
7015F3D8-DAF3-873B-6E3D-CD8B6761313D, B180101855, 88, 2021-01-31T01:37:00, 0, 0, 7, 2, 0, 50
7015F3D8-DAF3-873B-6E3D-CD8B6761313D, B180101855, 88, 2021-01-31T01:38:04, 0, 0, 7, 2, 0, 50
7015F3D8-DAF3-873B-6E3D-CD8B6761313D, B180101855, 88, 2021-01-31T01:39:00, 0, 0, 8, 2, 0, 50
7015F3D8-DAF3-873B-6E3D-CD8B6761313D, B180101855, 88, 2021-01-31T01:40:04, 0, 0, 7, 2, 0, 50
7015F3D8-DAF3-873B-6E3D-CD8B6761313D, B180101855, 0, 2021-01-31T01:42:04, 0, 0, 7, 2, 0, 50
7015F3D8-DAF3-873B-6E3D-CD8B6761313D, B180101855, 88, 2021-01-31T01:43:04, 0, 0, 7, 2, 0, 50
7015F3D8-DAF3-873B-6E3D-CD8B6761313D, B180101855, 88, 2021-01-31T01:44:04, 0, 0, 8, 2, 0, 50
7015F3D8-DAF3-873B-6E3D-CD8B6761313D, B180101855, 88, 2021-01-31T01:45:00, 0, 0, 7, 2, 0, 50
7015F3D8-DAF3-873B-6E3D-CD8B6761313D, B180101855, 88, 2021-01-31T01:46:04, 0, 0, 7, 2, 0, 50
7015F3D8-DAF3-873B-6E3D-CD8B6761313D, B180101855, 88, 2021-01-31T01:47:04, 0, 0, 7, 2, 0, 50
7015F3D8-DAF3-873B-6E3D-CD8B6761313D, B180101855, 88, 2021-01-31T01:49:04, 0, 0, 7, 2, 0, 50
7015F3D8-DAF3-873B-6E3D-CD8B6761313D, B180101855, 88, 2021-01-31T01:50:04, 0, 0, 7, 2, 0, 50
7015F3D8-DAF3-873B-6E3D-CD8B6761313D, B180101855, 88, 2021-01-31T01:51:00, 0, 0, 7, 2, 0, 50
7015F3D8-DAF3-873B-6E3D-CD8B6761313D, B180101855, 88, 2021-01-31T01:52:04, 0, 0, 8, 2, 0, 50
7015F3D8-DAF3-873B-6E3D-CD8B6761313D, B180101855, 88, 2021-01-31T01:54:04, 0, 0, 7, 2, 0, 50
7015F3D8-DAF3-873B-6E3D-CD8B6761313D, B180101855, 88, 2021-01-31T01:55:00, 0, 0, 7, 2, 0, 50
7015F3D8-DAF3-873B-6E3D-CD8B6761313D, B180101855, 88, 2021-01-31T01:56:00, 0, 0, 7, 2, 0, 50
7015F3D8-DAF3-873B-6E3D-CD8B6761313D, B180101855, 88, 2021-01-31T01:57:00, 0, 0, 8, 2, 0, 50
7015F3D8-DAF3-873B-6E3D-CD8B6761313D, B180101855, 88, 2021-01-31T01:58:04, 0, 0, 7, 2, 0, 50
7015F3D8-DAF3-873B-6E3D-CD8B6761313D, B180101855, 88, 2021-01-31T01:59:04, 0, 0, 7, 2, 0, 50
7015F3D8-DAF3-873B-6E3D-CD8B6761313D, B180101855, 88, 2021-01-31T02:00:36, 0, 0, 7, 2, 0, 50
7015F3D8-DAF3-873B-6E3D-CD8B6761313D, B180101855, 88, 2021-01-31T02:01:36, 0, 0, 8, 2, 0, 50
7015F3D8-DAF3-873B-6E3D-CD8B6761313D, B180101855, 88, 2021-01-31T02:02:32, 0, 0, 7, 2, 0, 50
7015F3D8-DAF3-873B-6E3D-CD8B6761313D, B180101855, 88, 2021-01-31T02:03:36, 0, 0, 7, 2, 0, 50
7015F3D8-DAF3-873B-6E3D-CD8B6761313D, B180101855, 88, 2021-01-31T02:04:36, 0, 0, 7, 2, 0, 50
7015F3D8-DAF3-873B-6E3D-CD8B6761313D, B180101855, 88, 2021-01-31T02:05:32, 0, 0, 8, 2, 0, 50
7015F3D8-DAF3-873B-6E3D-CD8B6761313D, B180101855, 88, 2021-01-31T02:06:36, 0, 0, 7, 2, 0, 50
7015F3D8-DAF3-873B-6E3D-CD8B6761313D, B180101855, 88, 2021-01-31T02:07:36, 0, 0, 7, 2, 0, 50
7015F3D8-DAF3-873B-6E3D-CD8B6761313D, B180101855, 88, 2021-01-31T02:08:36, 0, 0, 7, 2, 0, 50
7015F3D8-DAF3-873B-6E3D-CD8B6761313D, B180101855, 88, 2021-01-31T02:09:32, 0, 0, 7, 2, 0, 50
7015F3D8-DAF3-873B-6E3D-CD8B6761313D, B180101855, 88, 2021-01-31T02:10:36, 0, 0, 8, 2, 0, 50
7015F3D8-DAF3-873B-6E3D-CD8B6761313D, B180101855, 88, 2021-01-31T02:11:36, 0, 0, 7, 2, 0, 50
7015F3D8-DAF3-873B-6E3D-CD8B6761313D, B180101855, 88, 2021-01-31T02:13:36, 0, 0, 8, 2, 0, 50
7015F3D8-DAF3-873B-6E3D-CD8B6761313D, B180101855, 88, 2021-01-31T02:14:36, 0, 0, 7, 2, 0, 50
7015F3D8-DAF3-873B-6E3D-CD8B6761313D, B180101855, 88, 2021-01-31T02:15:36, 0, 0, 7, 2, 0, 50
7015F3D8-DAF3-873B-6E3D-CD8B6761313D, B180101855, 88, 2021-01-31T02:16:36, 0, 0, 7, 2, 0, 50
7015F3D8-DAF3-873B-6E3D-CD8B6761313D, B180101855, 88, 2021-01-31T02:17:36, 0, 0, 8, 2, 0, 50
7015F3D8-DAF3-873B-6E3D-CD8B6761313D, B180101855, 88, 2021-01-31T02:18:36, 0, 0, 7, 2, 0, 50
7015F3D8-DAF3-873B-6E3D-CD8B6761313D, B180101855, 88, 2021-01-31T02:20:32, 0, 0, 7, 2, 0, 50
7015F3D8-DAF3-873B-6E3D-CD8B6761313D, B180101855, 88, 2021-01-31T02:21:32, 0, 0, 7, 2, 0, 50
7015F3D8-DAF3-873B-6E3D-CD8B6761313D, B180101855, 88, 2021-01-31T02:22:36, 0, 0, 8, 2, 0, 50
7015F3D8-DAF3-873B-6E3D-CD8B6761313D, B180101855, 88, 2021-01-31T02:24:36, 0, 0, 7, 2, 0, 50
7015F3D8-DAF3-873B-6E3D-CD8B6761313D, B180101855, 88, 2021-01-31T02:25:36, 0, 0, 7, 2, 0, 50
7015F3D8-DAF3-873B-6E3D-CD8B6761313D, B180101855, 88, 2021-01-31T02:27:36, 0, 0, 7, 2, 0, 50
7015F3D8-DAF3-873B-6E3D-CD8B6761313D, B180101855, 88, 2021-01-31T02:29:36, 0, 0, 7, 2, 0, 50
7015F3D8-DAF3-873B-6E3D-CD8B6761313D, B180101855, 88, 2021-01-31T02:31:32, 0, 0, 7, 2, 0, 50
7015F3D8-DAF3-873B-6E3D-CD8B6761313D, B180101855, 88, 2021-01-31T02:34:32, 0, 0, 7, 2, 0, 50
7015F3D8-DAF3-873B-6E3D-CD8B6761313D, B180101855, 88, 2021-01-31T02:36:32, 0, 0, 7, 2, 0, 50
7015F3D8-DAF3-873B-6E3D-CD8B6761313D, B180101855, 88, 2021-01-31T02:37:32, 0, 0, 7, 2, 0, 50
7015F3D8-DAF3-873B-6E3D-CD8B6761313D, B180101855, 88, 2021-01-31T02:38:36, 0, 0, 7, 2, 0, 50
7015F3D8-DAF3-873B-6E3D-CD8B6761313D, B180101855, 88, 2021-01-31T02:40:32, 0, 0, 7, 2, 0, 50
7015F3D8-DAF3-873B-6E3D-CD8B6761313D, B180101855, 0, 2021-01-31T02:41:36, 0, 0, 7, 2, 0, 50
7015F3D8-DAF3-873B-6E3D-CD8B6761313D, B180101855, 88, 2021-01-31T02:42:36, 0, 0, 7, 2, 0, 50
7015F3D8-DAF3-873B-6E3D-CD8B6761313D, B180101855, 88, 2021-01-31T02:43:32, 0, 0, 7, 2, 0, 50
7015F3D8-DAF3-873B-6E3D-CD8B6761313D, B180101855, 0, 2021-01-31T02:45:32, 0, 0, 7, 2, 0, 50
7015F3D8-DAF3-873B-6E3D-CD8B6761313D, B180101855, 88, 2021-01-31T02:46:36, 0, 0, 7, 2, 0, 50
7015F3D8-DAF3-873B-6E3D-CD8B6761313D, B180101855, 88, 2021-01-31T02:47:32, 0, 0, 8, 2, 0, 50
7015F3D8-DAF3-873B-6E3D-CD8B6761313D, B180101855, 88, 2021-01-31T02:48:36, 0, 0, 7, 2, 0, 50
7015F3D8-DAF3-873B-6E3D-CD8B6761313D, B180101855, 88, 2021-01-31T02:49:36, 0, 0, 7, 2, 0, 50
7015F3D8-DAF3-873B-6E3D-CD8B6761313D, B180101855, 88, 2021-01-31T02:50:32, 0, 0, 7, 2, 0, 50
7015F3D8-DAF3-873B-6E3D-CD8B6761313D, B180101855, 88, 2021-01-31T02:52:36, 0, 0, 8, 2, 0, 50
7015F3D8-DAF3-873B-6E3D-CD8B6761313D, B180101855, 88, 2021-01-31T02:54:32, 0, 0, 7, 2, 0, 50
7015F3D8-DAF3-873B-6E3D-CD8B6761313D, B180101855, 88, 2021-01-31T02:55:36, 0, 0, 7, 2, 0, 50
7015F3D8-DAF3-873B-6E3D-CD8B6761313D, B180101855, 88, 2021-01-31T02:56:36, 0, 0, 8, 2, 0, 50
7015F3D8-DAF3-873B-6E3D-CD8B6761313D, B180101855, 0, 2021-01-31T02:57:32, 0, 0, 7, 2, 0, 50
7015F3D8-DAF3-873B-6E3D-CD8B6761313D, B180101855, 88, 2021-01-31T02:58:36, 0, 0, 7, 2, 0, 50
7015F3D8-DAF3-873B-6E3D-CD8B6761313D, B180101855, 87, 2021-01-31T03:00:32, 0, 0, 8, 2, 0, 50
7015F3D8-DAF3-873B-6E3D-CD8B6761313D, B180101855, 87, 2021-01-31T03:01:32, 0, 0, 7, 2, 0, 50
7015F3D8-DAF3-873B-6E3D-CD8B6761313D, B180101855, 87, 2021-01-31T03:02:36, 0, 0, 7, 2, 0, 50
7015F3D8-DAF3-873B-6E3D-CD8B6761313D, B180101855, 87, 2021-01-31T03:03:36, 0, 0, 7, 2, 0, 50
7015F3D8-DAF3-873B-6E3D-CD8B6761313D, B180101855, 87, 2021-01-31T03:04:36, 0, 0, 7, 2, 0, 50
7015F3D8-DAF3-873B-6E3D-CD8B6761313D, B180101855, 87, 2021-01-31T03:06:32, 0, 0, 7, 2, 0, 50
7015F3D8-DAF3-873B-6E3D-CD8B6761313D, B180101855, 87, 2021-01-31T03:07:32, 0, 0, 7, 2, 0, 50
7015F3D8-DAF3-873B-6E3D-CD8B6761313D, B180101855, 87, 2021-01-31T03:09:32, 0, 0, 8, 2, 0, 50
7015F3D8-DAF3-873B-6E3D-CD8B6761313D, B180101855, 87, 2021-01-31T03:10:36, 0, 0, 7, 2, 0, 50
7015F3D8-DAF3-873B-6E3D-CD8B6761313D, B180101855, 87, 2021-01-31T03:11:36, 0, 0, 7, 2, 0, 50
7015F3D8-DAF3-873B-6E3D-CD8B6761313D, B180101855, 87, 2021-01-31T03:12:36, 0, 0, 7, 2, 0, 50
7015F3D8-DAF3-873B-6E3D-CD8B6761313D, B180101855, 87, 2021-01-31T03:13:36, 0, 0, 7, 2, 0, 50
7015F3D8-DAF3-873B-6E3D-CD8B6761313D, B180101855, 87, 2021-01-31T03:15:32, 0, 0, 7, 2, 0, 50
7015F3D8-DAF3-873B-6E3D-CD8B6761313D, B180101855, 87, 2021-01-31T03:17:36, 0, 0, 7, 2, 0, 50
7015F3D8-DAF3-873B-6E3D-CD8B6761313D, B180101855, 87, 2021-01-31T03:19:36, 0, 0, 7, 2, 0, 50
7015F3D8-DAF3-873B-6E3D-CD8B6761313D, B180101855, 87, 2021-01-31T03:20:36, 0, 0, 7, 2, 0, 50
7015F3D8-DAF3-873B-6E3D-CD8B6761313D, B180101855, 87, 2021-01-31T03:21:32, 0, 0, 7, 2, 0, 50
7015F3D8-DAF3-873B-6E3D-CD8B6761313D, B180101855, 87, 2021-01-31T03:22:36, 0, 0, 8, 2, 0, 50
7015F3D8-DAF3-873B-6E3D-CD8B6761313D, B180101855, 87, 2021-01-31T03:24:36, 0, 0, 7, 2, 0, 50
7015F3D8-DAF3-873B-6E3D-CD8B6761313D, B180101855, 87, 2021-01-31T03:25:36, 0, 0, 7, 2, 0, 50
7015F3D8-DAF3-873B-6E3D-CD8B6761313D, B180101855, 87, 2021-01-31T03:27:36, 0, 0, 7, 2, 0, 50
7015F3D8-DAF3-873B-6E3D-CD8B6761313D, B180101855, 87, 2021-01-31T03:29:36, 0, 0, 7, 2, 0, 50
7015F3D8-DAF3-873B-6E3D-CD8B6761313D, B180101855, 87, 2021-01-31T03:31:32, 0, 0, 7, 2, 0, 50
7015F3D8-DAF3-873B-6E3D-CD8B6761313D, B180101855, 87, 2021-01-31T03:33:36, 0, 0, 7, 2, 0, 50
7015F3D8-DAF3-873B-6E3D-CD8B6761313D, B180101855, 87, 2021-01-31T03:35:32, 0, 0, 8, 2, 0, 50
7015F3D8-DAF3-873B-6E3D-CD8B6761313D, B180101855, 87, 2021-01-31T03:36:32, 0, 0, 7, 2, 0, 50
7015F3D8-DAF3-873B-6E3D-CD8B6761313D, B180101855, 87, 2021-01-31T03:38:32, 0, 0, 7, 2, 0, 50
7015F3D8-DAF3-873B-6E3D-CD8B6761313D, B180101855, 87, 2021-01-31T03:39:36, 0, 0, 8, 2, 0, 50
7015F3D8-DAF3-873B-6E3D-CD8B6761313D, B180101855, 87, 2021-01-31T03:40:36, 0, 0, 7, 2, 0, 50
7015F3D8-DAF3-873B-6E3D-CD8B6761313D, B180101855, 87, 2021-01-31T03:41:32, 0, 0, 7, 2, 0, 50
7015F3D8-DAF3-873B-6E3D-CD8B6761313D, B180101855, 87, 2021-01-31T03:42:36, 0, 0, 7, 2, 0, 50
7015F3D8-DAF3-873B-6E3D-CD8B6761313D, B180101855, 87, 2021-01-31T03:43:36, 0, 0, 7, 2, 0, 50
7015F3D8-DAF3-873B-6E3D-CD8B6761313D, B180101855, 87, 2021-01-31T03:45:32, 0, 0, 7, 2, 0, 50
7015F3D8-DAF3-873B-6E3D-CD8B6761313D, B180101855, 87, 2021-01-31T03:46:36, 0, 0, 7, 2, 0, 50
7015F3D8-DAF3-873B-6E3D-CD8B6761313D, B180101855, 87, 2021-01-31T03:48:36, 0, 0, 8, 2, 0, 50
7015F3D8-DAF3-873B-6E3D-CD8B6761313D, B180101855, 91, 2021-01-31T03:52:32, 0, 0, 7, 2, 0, 50
7015F3D8-DAF3-873B-6E3D-CD8B6761313D, B180101855, 88, 2021-01-31T03:55:36, 0, 0, 7, 2, 0, 50
7015F3D8-DAF3-873B-6E3D-CD8B6761313D, B180101855, 88, 2021-01-31T03:56:32, 0, 0, 7, 2, 0, 50
7015F3D8-DAF3-873B-6E3D-CD8B6761313D, B180101855, 88, 2021-01-31T03:58:32, 0, 0, 7, 2, 0, 50
7015F3D8-DAF3-873B-6E3D-CD8B6761313D, B180101855, 88, 2021-01-31T03:59:36, 0, 0, 7, 2, 0, 50
7015F3D8-DAF3-873B-6E3D-CD8B6761313D, B180101855, 88, 2021-01-31T04:00:04, 0, 0, 7, 2, 0, 50
7015F3D8-DAF3-873B-6E3D-CD8B6761313D, B180101855, 88, 2021-01-31T04:01:04, 0, 0, 7, 2, 0, 50
7015F3D8-DAF3-873B-6E3D-CD8B6761313D, B180101855, 88, 2021-01-31T04:03:04, 0, 0, 7, 2, 0, 50
7015F3D8-DAF3-873B-6E3D-CD8B6761313D, B180101855, 88, 2021-01-31T04:04:04, 0, 0, 7, 2, 0, 50
7015F3D8-DAF3-873B-6E3D-CD8B6761313D, B180101855, 88, 2021-01-31T04:05:04, 0, 0, 8, 2, 0, 50
7015F3D8-DAF3-873B-6E3D-CD8B6761313D, B180101855, 88, 2021-01-31T04:06:04, 0, 0, 7, 2, 0, 50
7015F3D8-DAF3-873B-6E3D-CD8B6761313D, B180101855, 88, 2021-01-31T04:07:04, 0, 0, 7, 2, 0, 50
7015F3D8-DAF3-873B-6E3D-CD8B6761313D, B180101855, 88, 2021-01-31T04:09:04, 0, 0, 7, 2, 0, 50
7015F3D8-DAF3-873B-6E3D-CD8B6761313D, B180101855, 88, 2021-01-31T04:10:04, 0, 0, 8, 2, 0, 50
7015F3D8-DAF3-873B-6E3D-CD8B6761313D, B180101855, 88, 2021-01-31T04:11:00, 0, 0, 7, 2, 0, 50
7015F3D8-DAF3-873B-6E3D-CD8B6761313D, B180101855, 88, 2021-01-31T04:13:04, 0, 0, 7, 2, 0, 50
7015F3D8-DAF3-873B-6E3D-CD8B6761313D, B180101855, 0, 2021-01-31T04:14:00, 0, 0, 8, 2, 0, 50
7015F3D8-DAF3-873B-6E3D-CD8B6761313D, B180101855, 88, 2021-01-31T04:16:04, 0, 0, 7, 2, 0, 50
7015F3D8-DAF3-873B-6E3D-CD8B6761313D, B180101855, 88, 2021-01-31T04:18:04, 0, 0, 7, 2, 0, 50
7015F3D8-DAF3-873B-6E3D-CD8B6761313D, B180101855, 88, 2021-01-31T04:19:04, 0, 0, 8, 2, 0, 50
7015F3D8-DAF3-873B-6E3D-CD8B6761313D, B180101855, 88, 2021-01-31T04:21:04, 0, 0, 7, 2, 0, 50
7015F3D8-DAF3-873B-6E3D-CD8B6761313D, B180101855, 88, 2021-01-31T04:22:04, 0, 0, 7, 2, 0, 50
7015F3D8-DAF3-873B-6E3D-CD8B6761313D, B180101855, 88, 2021-01-31T04:23:00, 0, 0, 8, 2, 0, 50
7015F3D8-DAF3-873B-6E3D-CD8B6761313D, B180101855, 88, 2021-01-31T04:24:04, 0, 0, 7, 2, 0, 50
7015F3D8-DAF3-873B-6E3D-CD8B6761313D, B180101855, 88, 2021-01-31T04:26:04, 0, 0, 7, 2, 0, 50
7015F3D8-DAF3-873B-6E3D-CD8B6761313D, B180101855, 88, 2021-01-31T04:27:04, 0, 0, 7, 2, 0, 50
7015F3D8-DAF3-873B-6E3D-CD8B6761313D, B180101855, 88, 2021-01-31T04:28:04, 0, 0, 8, 2, 0, 50
7015F3D8-DAF3-873B-6E3D-CD8B6761313D, B180101855, 88, 2021-01-31T04:30:04, 0, 0, 7, 2, 0, 50
7015F3D8-DAF3-873B-6E3D-CD8B6761313D, B180101855, 88, 2021-01-31T04:31:04, 0, 0, 7, 2, 0, 50
7015F3D8-DAF3-873B-6E3D-CD8B6761313D, B180101855, 88, 2021-01-31T04:33:04, 0, 0, 7, 2, 0, 50
7015F3D8-DAF3-873B-6E3D-CD8B6761313D, B180101855, 88, 2021-01-31T04:34:00, 0, 0, 7, 2, 0, 50
7015F3D8-DAF3-873B-6E3D-CD8B6761313D, B180101855, 88, 2021-01-31T04:35:04, 0, 0, 7, 2, 0, 50
7015F3D8-DAF3-873B-6E3D-CD8B6761313D, B180101855, 88, 2021-01-31T04:37:00, 0, 0, 8, 2, 0, 50
7015F3D8-DAF3-873B-6E3D-CD8B6761313D, B180101855, 88, 2021-01-31T04:38:04, 0, 0, 7, 2, 0, 50
7015F3D8-DAF3-873B-6E3D-CD8B6761313D, B180101855, 88, 2021-01-31T04:40:04, 0, 0, 7, 2, 0, 50
7015F3D8-DAF3-873B-6E3D-CD8B6761313D, B180101855, 88, 2021-01-31T04:41:04, 0, 0, 8, 2, 0, 50
7015F3D8-DAF3-873B-6E3D-CD8B6761313D, B180101855, 88, 2021-01-31T04:42:00, 0, 0, 7, 2, 0, 50
7015F3D8-DAF3-873B-6E3D-CD8B6761313D, B180101855, 88, 2021-01-31T04:44:04, 0, 0, 7, 2, 0, 50
7015F3D8-DAF3-873B-6E3D-CD8B6761313D, B180101855, 88, 2021-01-31T04:45:04, 0, 0, 8, 2, 0, 50
7015F3D8-DAF3-873B-6E3D-CD8B6761313D, B180101855, 88, 2021-01-31T04:46:00, 0, 0, 7, 2, 0, 50
7015F3D8-DAF3-873B-6E3D-CD8B6761313D, B180101855, 88, 2021-01-31T04:48:00, 0, 0, 7, 2, 0, 50
7015F3D8-DAF3-873B-6E3D-CD8B6761313D, B180101855, 88, 2021-01-31T04:49:00, 0, 0, 8, 2, 0, 50
7015F3D8-DAF3-873B-6E3D-CD8B6761313D, B180101855, 88, 2021-01-31T04:50:04, 0, 0, 7, 2, 0, 50
7015F3D8-DAF3-873B-6E3D-CD8B6761313D, B180101855, 88, 2021-01-31T04:51:00, 0, 0, 7, 2, 0, 50
7015F3D8-DAF3-873B-6E3D-CD8B6761313D, B180101855, 88, 2021-01-31T04:54:04, 0, 0, 8, 2, 0, 50
7015F3D8-DAF3-873B-6E3D-CD8B6761313D, B180101855, 88, 2021-01-31T04:55:04, 0, 0, 7, 2, 0, 50
7015F3D8-DAF3-873B-6E3D-CD8B6761313D, B180101855, 88, 2021-01-31T04:56:00, 0, 0, 7, 2, 0, 50
7015F3D8-DAF3-873B-6E3D-CD8B6761313D, B180101855, 88, 2021-01-31T04:58:04, 0, 0, 8, 2, 0, 50
7015F3D8-DAF3-873B-6E3D-CD8B6761313D, B180101855, 88, 2021-01-31T04:59:00, 0, 0, 7, 2, 0, 50
7015F3D8-DAF3-873B-6E3D-CD8B6761313D, B180101855, 88, 2021-01-31T05:03:04, 0, 0, 8, 2, 0, 50
7015F3D8-DAF3-873B-6E3D-CD8B6761313D, B180101855, 88, 2021-01-31T05:05:04, 0, 0, 7, 2, 0, 50
7015F3D8-DAF3-873B-6E3D-CD8B6761313D, B180101855, 88, 2021-01-31T05:06:00, 0, 0, 7, 2, 0, 50
7015F3D8-DAF3-873B-6E3D-CD8B6761313D, B180101855, 88, 2021-01-31T05:07:00, 0, 0, 8, 2, 0, 50
7015F3D8-DAF3-873B-6E3D-CD8B6761313D, B180101855, 88, 2021-01-31T05:09:04, 0, 0, 7, 2, 0, 50
7015F3D8-DAF3-873B-6E3D-CD8B6761313D, B180101855, 88, 2021-01-31T05:11:00, 0, 0, 7, 2, 0, 50
7015F3D8-DAF3-873B-6E3D-CD8B6761313D, B180101855, 88, 2021-01-31T05:12:04, 0, 0, 8, 2, 0, 50
7015F3D8-DAF3-873B-6E3D-CD8B6761313D, B180101855, 88, 2021-01-31T05:13:04, 0, 0, 7, 2, 0, 50
7015F3D8-DAF3-873B-6E3D-CD8B6761313D, B180101855, 88, 2021-01-31T05:14:04, 0, 0, 7, 2, 0, 50
7015F3D8-DAF3-873B-6E3D-CD8B6761313D, B180101855, 88, 2021-01-31T05:15:04, 0, 0, 7, 2, 0, 50
7015F3D8-DAF3-873B-6E3D-CD8B6761313D, B180101855, 88, 2021-01-31T05:16:04, 0, 0, 8, 2, 0, 50
7015F3D8-DAF3-873B-6E3D-CD8B6761313D, B180101855, 88, 2021-01-31T05:17:04, 0, 0, 7, 2, 0, 50
7015F3D8-DAF3-873B-6E3D-CD8B6761313D, B180101855, 88, 2021-01-31T05:18:04, 0, 0, 7, 2, 0, 50
7015F3D8-DAF3-873B-6E3D-CD8B6761313D, B180101855, 88, 2021-01-31T05:19:00, 0, 0, 7, 2, 0, 50
7015F3D8-DAF3-873B-6E3D-CD8B6761313D, B180101855, 88, 2021-01-31T05:20:04, 0, 0, 7, 2, 0, 50
7015F3D8-DAF3-873B-6E3D-CD8B6761313D, B180101855, 88, 2021-01-31T05:21:04, 0, 0, 8, 2, 0, 50
7015F3D8-DAF3-873B-6E3D-CD8B6761313D, B180101855, 88, 2021-01-31T05:23:00, 0, 0, 7, 2, 0, 50
7015F3D8-DAF3-873B-6E3D-CD8B6761313D, B180101855, 88, 2021-01-31T05:25:00, 0, 0, 8, 2, 0, 50
7015F3D8-DAF3-873B-6E3D-CD8B6761313D, B180101855, 88, 2021-01-31T05:27:04, 0, 0, 7, 2, 0, 50
7015F3D8-DAF3-873B-6E3D-CD8B6761313D, B180101855, 88, 2021-01-31T05:28:04, 0, 0, 7, 2, 0, 50
7015F3D8-DAF3-873B-6E3D-CD8B6761313D, B180101855, 88, 2021-01-31T05:29:00, 0, 0, 7, 2, 0, 50
7015F3D8-DAF3-873B-6E3D-CD8B6761313D, B180101855, 88, 2021-01-31T05:30:04, 0, 0, 8, 2, 0, 50
7015F3D8-DAF3-873B-6E3D-CD8B6761313D, B180101855, 88, 2021-01-31T05:31:04, 0, 0, 7, 2, 0, 50
7015F3D8-DAF3-873B-6E3D-CD8B6761313D, B180101855, 88, 2021-01-31T05:33:04, 0, 0, 8, 2, 0, 50
7015F3D8-DAF3-873B-6E3D-CD8B6761313D, B180101855, 88, 2021-01-31T05:34:04, 0, 0, 7, 2, 0, 50
7015F3D8-DAF3-873B-6E3D-CD8B6761313D, B180101855, 88, 2021-01-31T05:35:04, 0, 0, 7, 2, 0, 50
7015F3D8-DAF3-873B-6E3D-CD8B6761313D, B180101855, 88, 2021-01-31T05:36:04, 0, 0, 7, 2, 0, 50
7015F3D8-DAF3-873B-6E3D-CD8B6761313D, B180101855, 88, 2021-01-31T05:38:04, 0, 0, 8, 2, 0, 50
7015F3D8-DAF3-873B-6E3D-CD8B6761313D, B180101855, 88, 2021-01-31T05:39:00, 0, 0, 7, 2, 0, 50
7015F3D8-DAF3-873B-6E3D-CD8B6761313D, B180101855, 88, 2021-01-31T05:40:00, 0, 0, 7, 2, 0, 50
7015F3D8-DAF3-873B-6E3D-CD8B6761313D, B180101855, 88, 2021-01-31T05:41:04, 0, 0, 7, 2, 0, 50
7015F3D8-DAF3-873B-6E3D-CD8B6761313D, B180101855, 88, 2021-01-31T05:42:04, 0, 0, 8, 2, 0, 50
7015F3D8-DAF3-873B-6E3D-CD8B6761313D, B180101855, 88, 2021-01-31T05:44:04, 0, 0, 7, 2, 0, 50
7015F3D8-DAF3-873B-6E3D-CD8B6761313D, B180101855, 88, 2021-01-31T05:45:04, 0, 0, 7, 2, 0, 50
7015F3D8-DAF3-873B-6E3D-CD8B6761313D, B180101855, 88, 2021-01-31T05:46:04, 0, 0, 7, 2, 0, 50
7015F3D8-DAF3-873B-6E3D-CD8B6761313D, B180101855, 88, 2021-01-31T05:48:04, 0, 0, 7, 2, 0, 50
7015F3D8-DAF3-873B-6E3D-CD8B6761313D, B180101855, 87, 2021-01-31T05:49:04, 0, 0, 7, 2, 0, 50
7015F3D8-DAF3-873B-6E3D-CD8B6761313D, B180101855, 87, 2021-01-31T05:50:04, 0, 0, 7, 2, 0, 50
7015F3D8-DAF3-873B-6E3D-CD8B6761313D, B180101855, 87, 2021-01-31T05:51:04, 0, 0, 7, 2, 0, 50
7015F3D8-DAF3-873B-6E3D-CD8B6761313D, B180101855, 87, 2021-01-31T05:53:00, 0, 0, 7, 2, 0, 50
7015F3D8-DAF3-873B-6E3D-CD8B6761313D, B180101855, 87, 2021-01-31T05:55:04, 0, 0, 7, 2, 0, 50
7015F3D8-DAF3-873B-6E3D-CD8B6761313D, B180101855, 87, 2021-01-31T05:56:00, 0, 0, 8, 2, 0, 50
7015F3D8-DAF3-873B-6E3D-CD8B6761313D, B180101855, 87, 2021-01-31T05:57:04, 0, 0, 7, 2, 0, 50
7015F3D8-DAF3-873B-6E3D-CD8B6761313D, B180101855, 87, 2021-01-31T05:58:04, -1, 0, 7, 2, 0, 50
7015F3D8-DAF3-873B-6E3D-CD8B6761313D, B180101855, 87, 2021-01-31T06:00:32, 0, 0, 7, 2, 0, 50
7015F3D8-DAF3-873B-6E3D-CD8B6761313D, B180101855, 87, 2021-01-31T06:01:36, 0, 0, 8, 2, 0, 50
7015F3D8-DAF3-873B-6E3D-CD8B6761313D, B180101855, 87, 2021-01-31T06:03:36, 0, 0, 7, 2, 0, 50
7015F3D8-DAF3-873B-6E3D-CD8B6761313D, B180101855, 87, 2021-01-31T06:04:36, 0, 0, 7, 2, 0, 50
7015F3D8-DAF3-873B-6E3D-CD8B6761313D, B180101855, 87, 2021-01-31T06:05:36, 0, 0, 8, 2, 0, 50
7015F3D8-DAF3-873B-6E3D-CD8B6761313D, B180101855, 87, 2021-01-31T06:06:36, 0, 0, 7, 2, 0, 50
7015F3D8-DAF3-873B-6E3D-CD8B6761313D, B180101855, 87, 2021-01-31T06:07:36, 0, 0, 7, 2, 0, 50
7015F3D8-DAF3-873B-6E3D-CD8B6761313D, B180101855, 87, 2021-01-31T06:08:36, 0, 0, 7, 2, 0, 50
7015F3D8-DAF3-873B-6E3D-CD8B6761313D, B180101855, 87, 2021-01-31T06:09:36, 0, 0, 7, 2, 0, 50
7015F3D8-DAF3-873B-6E3D-CD8B6761313D, B180101855, 87, 2021-01-31T06:10:36, 0, 0, 8, 2, 0, 50
7015F3D8-DAF3-873B-6E3D-CD8B6761313D, B180101855, 87, 2021-01-31T06:12:36, 0, 0, 7, 2, 0, 50
7015F3D8-DAF3-873B-6E3D-CD8B6761313D, B180101855, 87, 2021-01-31T06:13:36, 0, 0, 7, 2, 0, 50
7015F3D8-DAF3-873B-6E3D-CD8B6761313D, B180101855, 87, 2021-01-31T06:14:32, 0, 0, 7, 2, 0, 50
7015F3D8-DAF3-873B-6E3D-CD8B6761313D, B180101855, 87, 2021-01-31T06:18:36, 0, 0, 7, 2, 0, 50
7015F3D8-DAF3-873B-6E3D-CD8B6761313D, B180101855, 87, 2021-01-31T06:19:36, 0, 0, 8, 2, 0, 50
7015F3D8-DAF3-873B-6E3D-CD8B6761313D, B180101855, 87, 2021-01-31T06:20:36, 0, 0, 7, 2, 0, 50
7015F3D8-DAF3-873B-6E3D-CD8B6761313D, B180101855, 87, 2021-01-31T06:21:36, 0, 0, 7, 2, 0, 50
7015F3D8-DAF3-873B-6E3D-CD8B6761313D, B180101855, 87, 2021-01-31T06:22:36, 0, 0, 7, 2, 0, 50
7015F3D8-DAF3-873B-6E3D-CD8B6761313D, B180101855, 87, 2021-01-31T06:24:32, 0, 0, 8, 2, 0, 50
7015F3D8-DAF3-873B-6E3D-CD8B6761313D, B180101855, 87, 2021-01-31T06:25:36, 0, 0, 7, 2, 0, 50
7015F3D8-DAF3-873B-6E3D-CD8B6761313D, B180101855, 87, 2021-01-31T06:27:36, 0, 0, 7, 2, 0, 50
7015F3D8-DAF3-873B-6E3D-CD8B6761313D, B180101855, 87, 2021-01-31T06:29:36, 0, 0, 7, 2, 0, 50
7015F3D8-DAF3-873B-6E3D-CD8B6761313D, B180101855, 87, 2021-01-31T06:30:32, -1, 0, 7, 2, 0, 50
7015F3D8-DAF3-873B-6E3D-CD8B6761313D, B180101855, 87, 2021-01-31T06:31:36, 0, 0, 7, 2, 0, 50
7015F3D8-DAF3-873B-6E3D-CD8B6761313D, B180101855, 87, 2021-01-31T06:34:36, 0, 0, 7, 2, 0, 50
7015F3D8-DAF3-873B-6E3D-CD8B6761313D, B180101855, 87, 2021-01-31T06:35:32, 0, 0, 7, 2, 0, 50
7015F3D8-DAF3-873B-6E3D-CD8B6761313D, B180101855, 87, 2021-01-31T06:36:36, 0, 0, 7, 2, 0, 50
7015F3D8-DAF3-873B-6E3D-CD8B6761313D, B180101855, 87, 2021-01-31T06:37:36, 0, 0, 8, 2, 0, 50
7015F3D8-DAF3-873B-6E3D-CD8B6761313D, B180101855, 87, 2021-01-31T06:38:36, 0, 0, 7, 2, 0, 50
7015F3D8-DAF3-873B-6E3D-CD8B6761313D, B180101855, 87, 2021-01-31T06:40:36, -1, 0, 7, 2, 0, 50
7015F3D8-DAF3-873B-6E3D-CD8B6761313D, B180101855, 87, 2021-01-31T06:41:36, 0, 0, 8, 2, 0, 50
7015F3D8-DAF3-873B-6E3D-CD8B6761313D, B180101855, 87, 2021-01-31T06:43:36, 0, 0, 7, 2, 0, 50
7015F3D8-DAF3-873B-6E3D-CD8B6761313D, B180101855, 87, 2021-01-31T06:44:36, 0, 0, 7, 2, 0, 50
7015F3D8-DAF3-873B-6E3D-CD8B6761313D, B180101855, 87, 2021-01-31T06:46:36, 0, 0, 8, 2, 0, 50
7015F3D8-DAF3-873B-6E3D-CD8B6761313D, B180101855, 87, 2021-01-31T06:47:36, 0, 0, 7, 2, 0, 50
7015F3D8-DAF3-873B-6E3D-CD8B6761313D, B180101855, 87, 2021-01-31T06:49:36, 0, 0, 7, 2, 0, 50
7015F3D8-DAF3-873B-6E3D-CD8B6761313D, B180101855, 87, 2021-01-31T06:50:36, 0, 0, 8, 2, 0, 50
7015F3D8-DAF3-873B-6E3D-CD8B6761313D, B180101855, 87, 2021-01-31T06:52:32, -1, 0, 7, 2, 0, 50
7015F3D8-DAF3-873B-6E3D-CD8B6761313D, B180101855, 87, 2021-01-31T06:54:36, 0, 0, 7, 2, 0, 50
7015F3D8-DAF3-873B-6E3D-CD8B6761313D, B180101855, 88, 2021-01-31T06:55:32, 0, 0, 8, 2, 0, 50
7015F3D8-DAF3-873B-6E3D-CD8B6761313D, B180101855, 88, 2021-01-31T06:56:36, 0, 0, 7, 2, 0, 50
7015F3D8-DAF3-873B-6E3D-CD8B6761313D, B180101855, 89, 2021-01-31T06:58:32, 0, 0, 7, 2, 0, 50
7015F3D8-DAF3-873B-6E3D-CD8B6761313D, B180101855, 88, 2021-01-31T07:00:36, 0, 0, 8, 2, 0, 50
7015F3D8-DAF3-873B-6E3D-CD8B6761313D, B180101855, 88, 2021-01-31T07:02:36, 0, 0, 7, 2, 0, 50
7015F3D8-DAF3-873B-6E3D-CD8B6761313D, B180101855, 88, 2021-01-31T07:03:36, 0, 0, 7, 2, 0, 50
7015F3D8-DAF3-873B-6E3D-CD8B6761313D, B180101855, 88, 2021-01-31T07:05:36, 0, 0, 7, 2, 0, 50
7015F3D8-DAF3-873B-6E3D-CD8B6761313D, B180101855, 88, 2021-01-31T07:06:36, 0, 0, 7, 2, 0, 50
7015F3D8-DAF3-873B-6E3D-CD8B6761313D, B180101855, 88, 2021-01-31T07:07:32, 0, 0, 7, 2, 0, 50
7015F3D8-DAF3-873B-6E3D-CD8B6761313D, B180101855, 88, 2021-01-31T07:08:36, 0, 0, 7, 2, 0, 50
7015F3D8-DAF3-873B-6E3D-CD8B6761313D, B180101855, 88, 2021-01-31T07:09:36, 0, 0, 8, 2, 0, 50
7015F3D8-DAF3-873B-6E3D-CD8B6761313D, B180101855, 88, 2021-01-31T07:11:36, 0, 0, 7, 2, 0, 50
7015F3D8-DAF3-873B-6E3D-CD8B6761313D, B180101855, 88, 2021-01-31T07:14:36, 0, 0, 8, 2, 0, 50
7015F3D8-DAF3-873B-6E3D-CD8B6761313D, B180101855, 88, 2021-01-31T07:16:32, 0, 0, 7, 2, 0, 50
7015F3D8-DAF3-873B-6E3D-CD8B6761313D, B180101855, 88, 2021-01-31T07:17:36, 0, 0, 7, 2, 0, 50
7015F3D8-DAF3-873B-6E3D-CD8B6761313D, B180101855, 88, 2021-01-31T07:18:36, 0, 0, 8, 2, 0, 50
7015F3D8-DAF3-873B-6E3D-CD8B6761313D, B180101855, 88, 2021-01-31T07:19:32, 0, 0, 7, 2, 0, 50
7015F3D8-DAF3-873B-6E3D-CD8B6761313D, B180101855, 88, 2021-01-31T07:21:36, 0, 0, 7, 2, 0, 50
7015F3D8-DAF3-873B-6E3D-CD8B6761313D, B180101855, 88, 2021-01-31T07:22:36, 0, 0, 7, 2, 0, 50
7015F3D8-DAF3-873B-6E3D-CD8B6761313D, B180101855, 88, 2021-01-31T07:25:36, 0, 0, 7, 2, 0, 50
7015F3D8-DAF3-873B-6E3D-CD8B6761313D, B180101855, 88, 2021-01-31T07:26:32, 0, 0, 7, 2, 0, 50
7015F3D8-DAF3-873B-6E3D-CD8B6761313D, B180101855, 88, 2021-01-31T07:28:32, 0, 0, 8, 2, 0, 50
7015F3D8-DAF3-873B-6E3D-CD8B6761313D, B180101855, 88, 2021-01-31T07:30:36, 0, 0, 7, 2, 0, 50
7015F3D8-DAF3-873B-6E3D-CD8B6761313D, B180101855, 88, 2021-01-31T07:31:32, 0, 0, 8, 2, 0, 50
7015F3D8-DAF3-873B-6E3D-CD8B6761313D, B180101855, 88, 2021-01-31T07:34:32, 0, 0, 7, 2, 0, 50
7015F3D8-DAF3-873B-6E3D-CD8B6761313D, B180101855, 88, 2021-01-31T07:36:36, 0, 0, 8, 2, 0, 50
7015F3D8-DAF3-873B-6E3D-CD8B6761313D, B180101855, 88, 2021-01-31T07:39:32, 0, 0, 7, 2, 0, 50
7015F3D8-DAF3-873B-6E3D-CD8B6761313D, B180101855, 88, 2021-01-31T07:41:36, 0, 0, 7, 2, 0, 50
7015F3D8-DAF3-873B-6E3D-CD8B6761313D, B180101855, 88, 2021-01-31T07:42:36, 0, 0, 7, 2, 0, 50
7015F3D8-DAF3-873B-6E3D-CD8B6761313D, B180101855, 88, 2021-01-31T07:43:36, 0, 0, 7, 2, 0, 50
7015F3D8-DAF3-873B-6E3D-CD8B6761313D, B180101855, 88, 2021-01-31T07:44:36, 0, 0, 7, 2, 0, 50
7015F3D8-DAF3-873B-6E3D-CD8B6761313D, B180101855, 88, 2021-01-31T07:45:32, 0, 0, 8, 2, 0, 50
7015F3D8-DAF3-873B-6E3D-CD8B6761313D, B180101855, 88, 2021-01-31T07:46:36, 0, 0, 7, 2, 0, 50
7015F3D8-DAF3-873B-6E3D-CD8B6761313D, B180101855, 88, 2021-01-31T07:48:32, 0, 0, 7, 2, 0, 50
7015F3D8-DAF3-873B-6E3D-CD8B6761313D, B180101855, 88, 2021-01-31T07:49:36, 0, 0, 7, 2, 0, 50
7015F3D8-DAF3-873B-6E3D-CD8B6761313D, B180101855, 88, 2021-01-31T07:50:36, 0, 0, 8, 2, 0, 50
7015F3D8-DAF3-873B-6E3D-CD8B6761313D, B180101855, 88, 2021-01-31T07:51:36, 0, 0, 7, 2, 0, 50
7015F3D8-DAF3-873B-6E3D-CD8B6761313D, B180101855, 88, 2021-01-31T07:52:36, 0, 0, 7, 2, 0, 50
7015F3D8-DAF3-873B-6E3D-CD8B6761313D, B180101855, 88, 2021-01-31T07:53:32, 0, 0, 7, 2, 0, 50
7015F3D8-DAF3-873B-6E3D-CD8B6761313D, B180101855, 88, 2021-01-31T07:54:32, 0, 0, 8, 2, 0, 50
7015F3D8-DAF3-873B-6E3D-CD8B6761313D, B180101855, 88, 2021-01-31T07:55:36, 0, 0, 7, 2, 0, 50
7015F3D8-DAF3-873B-6E3D-CD8B6761313D, B180101855, 88, 2021-01-31T07:56:36, 0, 0, 7, 2, 0, 50
7015F3D8-DAF3-873B-6E3D-CD8B6761313D, B180101855, 88, 2021-01-31T07:57:36, 0, 0, 7, 2, 0, 50
7015F3D8-DAF3-873B-6E3D-CD8B6761313D, B180101855, 88, 2021-01-31T07:58:36, 0, 0, 7, 2, 0, 50
7015F3D8-DAF3-873B-6E3D-CD8B6761313D, B180101855, 88, 2021-01-31T07:59:36, 0, 0, 8, 2, 0, 50
7015F3D8-DAF3-873B-6E3D-CD8B6761313D, B180101855, 88, 2021-01-31T08:00:00, 0, 0, 7, 2, 0, 50
7015F3D8-DAF3-873B-6E3D-CD8B6761313D, B180101855, 88, 2021-01-31T08:02:04, 0, 0, 7, 2, 0, 50
7015F3D8-DAF3-873B-6E3D-CD8B6761313D, B180101855, 88, 2021-01-31T08:03:04, 0, 0, 8, 2, 0, 50
7015F3D8-DAF3-873B-6E3D-CD8B6761313D, B180101855, 0, 2021-01-31T08:04:04, 0, 0, 7, 2, 0, 50
7015F3D8-DAF3-873B-6E3D-CD8B6761313D, B180101855, 88, 2021-01-31T08:06:00, 0, 0, 7, 2, 0, 50
7015F3D8-DAF3-873B-6E3D-CD8B6761313D, B180101855, 88, 2021-01-31T08:07:00, 0, 0, 7, 2, 0, 50
7015F3D8-DAF3-873B-6E3D-CD8B6761313D, B180101855, 88, 2021-01-31T08:08:00, 0, 0, 8, 2, 0, 50
7015F3D8-DAF3-873B-6E3D-CD8B6761313D, B180101855, 88, 2021-01-31T08:10:00, 0, 0, 7, 2, 0, 50
7015F3D8-DAF3-873B-6E3D-CD8B6761313D, B180101855, 88, 2021-01-31T08:11:04, 0, 0, 7, 2, 0, 50
7015F3D8-DAF3-873B-6E3D-CD8B6761313D, B180101855, 88, 2021-01-31T08:12:00, 0, 0, 7, 2, 0, 50
7015F3D8-DAF3-873B-6E3D-CD8B6761313D, B180101855, 88, 2021-01-31T08:13:00, 0, 0, 8, 2, 0, 50
7015F3D8-DAF3-873B-6E3D-CD8B6761313D, B180101855, 88, 2021-01-31T08:14:04, 0, 0, 7, 2, 0, 50
7015F3D8-DAF3-873B-6E3D-CD8B6761313D, B180101855, 88, 2021-01-31T08:16:04, 0, 0, 7, 2, 0, 50
7015F3D8-DAF3-873B-6E3D-CD8B6761313D, B180101855, 88, 2021-01-31T08:17:04, 0, 0, 8, 2, 0, 50
7015F3D8-DAF3-873B-6E3D-CD8B6761313D, B180101855, 88, 2021-01-31T08:18:04, 0, 0, 7, 2, 0, 50
7015F3D8-DAF3-873B-6E3D-CD8B6761313D, B180101855, 88, 2021-01-31T08:19:00, 0, 0, 7, 2, 0, 50
7015F3D8-DAF3-873B-6E3D-CD8B6761313D, B180101855, 88, 2021-01-31T08:21:00, 0, 0, 8, 2, 0, 50
7015F3D8-DAF3-873B-6E3D-CD8B6761313D, B180101855, 88, 2021-01-31T08:23:04, 0, 0, 7, 2, 0, 50
7015F3D8-DAF3-873B-6E3D-CD8B6761313D, B180101855, 88, 2021-01-31T08:26:04, 0, 0, 7, 2, 0, 50
7015F3D8-DAF3-873B-6E3D-CD8B6761313D, B180101855, 88, 2021-01-31T08:27:04, 0, 0, 7, 2, 0, 50
7015F3D8-DAF3-873B-6E3D-CD8B6761313D, B180101855, 88, 2021-01-31T08:28:00, 0, 0, 7, 2, 0, 50
7015F3D8-DAF3-873B-6E3D-CD8B6761313D, B180101855, 88, 2021-01-31T08:31:04, 0, 0, 7, 2, 0, 50
7015F3D8-DAF3-873B-6E3D-CD8B6761313D, B180101855, 88, 2021-01-31T08:32:00, 0, 0, 7, 2, 0, 50
7015F3D8-DAF3-873B-6E3D-CD8B6761313D, B180101855, 88, 2021-01-31T08:34:04, 0, 0, 8, 2, 0, 50
7015F3D8-DAF3-873B-6E3D-CD8B6761313D, B180101855, 88, 2021-01-31T08:36:04, 0, 0, 7, 2, 0, 50
7015F3D8-DAF3-873B-6E3D-CD8B6761313D, B180101855, 88, 2021-01-31T08:37:00, 0, 0, 7, 2, 0, 50
7015F3D8-DAF3-873B-6E3D-CD8B6761313D, B180101855, 88, 2021-01-31T08:40:04, 0, 0, 7, 2, 0, 50
7015F3D8-DAF3-873B-6E3D-CD8B6761313D, B180101855, 88, 2021-01-31T08:42:00, 0, 0, 8, 2, 0, 50
7015F3D8-DAF3-873B-6E3D-CD8B6761313D, B180101855, 88, 2021-01-31T08:44:04, 0, 0, 7, 2, 0, 50
7015F3D8-DAF3-873B-6E3D-CD8B6761313D, B180101855, 88, 2021-01-31T08:45:04, 0, 0, 7, 2, 0, 50
7015F3D8-DAF3-873B-6E3D-CD8B6761313D, B180101855, 88, 2021-01-31T08:47:00, 0, 0, 8, 2, 0, 50
7015F3D8-DAF3-873B-6E3D-CD8B6761313D, B180101855, 88, 2021-01-31T08:48:04, 0, 0, 7, 2, 0, 50
7015F3D8-DAF3-873B-6E3D-CD8B6761313D, B180101855, 88, 2021-01-31T08:49:00, 0, 0, 7, 2, 0, 50
7015F3D8-DAF3-873B-6E3D-CD8B6761313D, B180101855, 88, 2021-01-31T08:50:00, 0, 0, 7, 2, 0, 50
7015F3D8-DAF3-873B-6E3D-CD8B6761313D, B180101855, 88, 2021-01-31T08:51:04, 0, 0, 8, 2, 0, 50
7015F3D8-DAF3-873B-6E3D-CD8B6761313D, B180101855, 88, 2021-01-31T08:52:04, 0, 0, 7, 2, 0, 50
7015F3D8-DAF3-873B-6E3D-CD8B6761313D, B180101855, 88, 2021-01-31T08:53:04, 1, 0, 7, 2, 0, 50
7015F3D8-DAF3-873B-6E3D-CD8B6761313D, B180101855, 88, 2021-01-31T08:55:00, 0, 0, 7, 2, 0, 50
7015F3D8-DAF3-873B-6E3D-CD8B6761313D, B180101855, 88, 2021-01-31T08:57:00, 1, 0, 7, 2, 0, 50
7015F3D8-DAF3-873B-6E3D-CD8B6761313D, B180101855, 88, 2021-01-31T08:58:04, 0, 0, 7, 2, 0, 50
7015F3D8-DAF3-873B-6E3D-CD8B6761313D, B180101855, 88, 2021-01-31T08:59:04, 0, 0, 8, 2, 0, 50
7015F3D8-DAF3-873B-6E3D-CD8B6761313D, B180101855, 88, 2021-01-31T09:00:00, 0, 0, 7, 2, 0, 50
7015F3D8-DAF3-873B-6E3D-CD8B6761313D, B180101855, 88, 2021-01-31T09:02:00, 0, 0, 7, 2, 0, 50
7015F3D8-DAF3-873B-6E3D-CD8B6761313D, B180101855, 88, 2021-01-31T09:03:04, 1, 0, 8, 2, 0, 50
7015F3D8-DAF3-873B-6E3D-CD8B6761313D, B180101855, 88, 2021-01-31T09:06:00, 1, 0, 7, 2, 0, 50
7015F3D8-DAF3-873B-6E3D-CD8B6761313D, B180101855, 88, 2021-01-31T09:07:04, 1, 0, 8, 2, 0, 50
7015F3D8-DAF3-873B-6E3D-CD8B6761313D, B180101855, 88, 2021-01-31T09:09:00, 0, 0, 7, 2, 0, 50
7015F3D8-DAF3-873B-6E3D-CD8B6761313D, B180101855, 88, 2021-01-31T09:11:04, 1, 0, 8, 2, 0, 50
7015F3D8-DAF3-873B-6E3D-CD8B6761313D, B180101855, 88, 2021-01-31T09:12:04, 1, 0, 7, 2, 0, 50
7015F3D8-DAF3-873B-6E3D-CD8B6761313D, B180101855, 88, 2021-01-31T09:13:00, 1, 0, 7, 2, 0, 50
7015F3D8-DAF3-873B-6E3D-CD8B6761313D, B180101855, 88, 2021-01-31T09:14:00, 1, 0, 7, 2, 0, 50
7015F3D8-DAF3-873B-6E3D-CD8B6761313D, B180101855, 88, 2021-01-31T09:16:00, 1, 0, 7, 2, 0, 50
7015F3D8-DAF3-873B-6E3D-CD8B6761313D, B180101855, 88, 2021-01-31T09:18:00, 1, 0, 7, 2, 0, 50
7015F3D8-DAF3-873B-6E3D-CD8B6761313D, B180101855, 88, 2021-01-31T09:19:04, 1, 0, 7, 2, 0, 50
7015F3D8-DAF3-873B-6E3D-CD8B6761313D, B180101855, 88, 2021-01-31T09:21:04, 1, 0, 7, 2, 0, 50
7015F3D8-DAF3-873B-6E3D-CD8B6761313D, B180101855, 87, 2021-01-31T09:23:00, 1, 0, 8, 2, 0, 50
7015F3D8-DAF3-873B-6E3D-CD8B6761313D, B180101855, 87, 2021-01-31T09:24:00, 1, 0, 7, 2, 0, 50
7015F3D8-DAF3-873B-6E3D-CD8B6761313D, B180101855, 87, 2021-01-31T09:25:00, 1, 0, 7, 2, 0, 50
7015F3D8-DAF3-873B-6E3D-CD8B6761313D, B180101855, 87, 2021-01-31T09:26:04, 1, 0, 7, 2, 0, 50
7015F3D8-DAF3-873B-6E3D-CD8B6761313D, B180101855, 87, 2021-01-31T09:27:00, 1, 0, 8, 2, 0, 50
7015F3D8-DAF3-873B-6E3D-CD8B6761313D, B180101855, 87, 2021-01-31T09:29:04, 1, 0, 7, 2, 0, 50
7015F3D8-DAF3-873B-6E3D-CD8B6761313D, B180101855, 87, 2021-01-31T09:34:00, 1, 0, 7, 2, 0, 50
7015F3D8-DAF3-873B-6E3D-CD8B6761313D, B180101855, 87, 2021-01-31T09:37:00, 1, 0, 7, 2, 0, 50
7015F3D8-DAF3-873B-6E3D-CD8B6761313D, B180101855, 87, 2021-01-31T09:38:00, 1, 0, 7, 2, 0, 50
7015F3D8-DAF3-873B-6E3D-CD8B6761313D, B180101855, 87, 2021-01-31T09:40:00, 1, 0, 7, 2, 0, 50
7015F3D8-DAF3-873B-6E3D-CD8B6761313D, B180101855, 87, 2021-01-31T09:41:00, 1, 0, 7, 2, 0, 50
7015F3D8-DAF3-873B-6E3D-CD8B6761313D, B180101855, 87, 2021-01-31T09:42:04, 1, 0, 7, 2, 0, 50
7015F3D8-DAF3-873B-6E3D-CD8B6761313D, B180101855, 87, 2021-01-31T09:43:04, 1, 0, 7, 2, 0, 50
7015F3D8-DAF3-873B-6E3D-CD8B6761313D, B180101855, 87, 2021-01-31T09:44:04, 1, 0, 8, 2, 0, 50
7015F3D8-DAF3-873B-6E3D-CD8B6761313D, B180101855, 87, 2021-01-31T09:46:00, 1, 0, 7, 2, 0, 50
7015F3D8-DAF3-873B-6E3D-CD8B6761313D, B180101855, 87, 2021-01-31T09:48:04, 1, 0, 7, 2, 0, 50
7015F3D8-DAF3-873B-6E3D-CD8B6761313D, B180101855, 87, 2021-01-31T09:49:00, 1, 0, 7, 2, 0, 50
7015F3D8-DAF3-873B-6E3D-CD8B6761313D, B180101855, 87, 2021-01-31T09:50:04, 1, 0, 7, 2, 0, 50
7015F3D8-DAF3-873B-6E3D-CD8B6761313D, B180101855, 87, 2021-01-31T09:52:00, 1, 0, 7, 2, 0, 50
7015F3D8-DAF3-873B-6E3D-CD8B6761313D, B180101855, 87, 2021-01-31T09:53:04, 1, 0, 7, 2, 0, 50
7015F3D8-DAF3-873B-6E3D-CD8B6761313D, B180101855, 87, 2021-01-31T09:54:00, 1, 0, 7, 2, 0, 50
7015F3D8-DAF3-873B-6E3D-CD8B6761313D, B180101855, 87, 2021-01-31T09:55:00, 1, 0, 8, 2, 0, 50
7015F3D8-DAF3-873B-6E3D-CD8B6761313D, B180101855, 87, 2021-01-31T09:56:04, 1, 0, 7, 2, 0, 50
7015F3D8-DAF3-873B-6E3D-CD8B6761313D, B180101855, 87, 2021-01-31T09:58:00, 1, 0, 7, 2, 0, 50
7015F3D8-DAF3-873B-6E3D-CD8B6761313D, B180101855, 87, 2021-01-31T10:00:36, 1, 0, 7, 2, 0, 50
7015F3D8-DAF3-873B-6E3D-CD8B6761313D, B180101855, 87, 2021-01-31T10:02:32, 1, 0, 7, 2, 0, 50
7015F3D8-DAF3-873B-6E3D-CD8B6761313D, B180101855, 87, 2021-01-31T10:03:32, 1, 0, 8, 2, 0, 50
7015F3D8-DAF3-873B-6E3D-CD8B6761313D, B180101855, 87, 2021-01-31T10:05:32, 1, 0, 7, 2, 0, 50
7015F3D8-DAF3-873B-6E3D-CD8B6761313D, B180101855, 87, 2021-01-31T10:06:32, 1, 0, 7, 2, 0, 50
7015F3D8-DAF3-873B-6E3D-CD8B6761313D, B180101855, 87, 2021-01-31T10:07:36, 1, 0, 8, 2, 0, 50
7015F3D8-DAF3-873B-6E3D-CD8B6761313D, B180101855, 87, 2021-01-31T10:09:32, 1, 0, 7, 2, 0, 50
7015F3D8-DAF3-873B-6E3D-CD8B6761313D, B180101855, 87, 2021-01-31T10:10:36, 1, 0, 7, 2, 0, 50
7015F3D8-DAF3-873B-6E3D-CD8B6761313D, B180101855, 87, 2021-01-31T10:12:36, 1, 0, 7, 2, 0, 50
7015F3D8-DAF3-873B-6E3D-CD8B6761313D, B180101855, 87, 2021-01-31T10:13:36, 1, 0, 7, 2, 0, 50
7015F3D8-DAF3-873B-6E3D-CD8B6761313D, B180101855, 87, 2021-01-31T10:14:32, 1, 0, 7, 2, 0, 50
7015F3D8-DAF3-873B-6E3D-CD8B6761313D, B180101855, 87, 2021-01-31T10:17:32, 1, 0, 7, 2, 0, 50
7015F3D8-DAF3-873B-6E3D-CD8B6761313D, B180101855, 87, 2021-01-31T10:19:36, 1, 0, 8, 2, 0, 50
7015F3D8-DAF3-873B-6E3D-CD8B6761313D, B180101855, 87, 2021-01-31T10:20:36, 1, 0, 7, 2, 0, 50
7015F3D8-DAF3-873B-6E3D-CD8B6761313D, B180101855, 87, 2021-01-31T10:21:32, 1, 0, 7, 2, 0, 50
7015F3D8-DAF3-873B-6E3D-CD8B6761313D, B180101855, 87, 2021-01-31T10:22:36, 1, 0, 7, 2, 0, 50
7015F3D8-DAF3-873B-6E3D-CD8B6761313D, B180101855, 87, 2021-01-31T10:24:32, 2, 0, 7, 2, 0, 50
7015F3D8-DAF3-873B-6E3D-CD8B6761313D, B180101855, 87, 2021-01-31T10:26:32, 1, 0, 7, 2, 0, 50
7015F3D8-DAF3-873B-6E3D-CD8B6761313D, B180101855, 87, 2021-01-31T10:27:36, 1, 0, 8, 2, 0, 50
7015F3D8-DAF3-873B-6E3D-CD8B6761313D, B180101855, 87, 2021-01-31T10:30:32, 1, 0, 8, 2, 0, 50
7015F3D8-DAF3-873B-6E3D-CD8B6761313D, B180101855, 87, 2021-01-31T10:31:36, 1, 0, 7, 2, 0, 50
7015F3D8-DAF3-873B-6E3D-CD8B6761313D, B180101855, 87, 2021-01-31T10:34:36, 1, 0, 8, 2, 0, 50
7015F3D8-DAF3-873B-6E3D-CD8B6761313D, B180101855, 87, 2021-01-31T10:35:36, 2, 0, 7, 2, 0, 50
7015F3D8-DAF3-873B-6E3D-CD8B6761313D, B180101855, 87, 2021-01-31T10:37:36, 1, 0, 7, 2, 0, 50
7015F3D8-DAF3-873B-6E3D-CD8B6761313D, B180101855, 87, 2021-01-31T10:39:36, 1, 0, 7, 2, 0, 50
7015F3D8-DAF3-873B-6E3D-CD8B6761313D, B180101855, 87, 2021-01-31T10:47:32, 1, 0, 7, 2, 0, 50
7015F3D8-DAF3-873B-6E3D-CD8B6761313D, B180101855, 90, 2021-01-31T10:48:36, 2, 0, 7, 2, 0, 50
7015F3D8-DAF3-873B-6E3D-CD8B6761313D, B180101855, 92, 2021-01-31T10:50:32, 1, 0, 8, 2, 0, 50
7015F3D8-DAF3-873B-6E3D-CD8B6761313D, B180101855, 92, 2021-01-31T10:51:32, 1, 0, 7, 2, 0, 50
7015F3D8-DAF3-873B-6E3D-CD8B6761313D, B180101855, 89, 2021-01-31T10:56:32, 1, 0, 7, 2, 0, 50
7015F3D8-DAF3-873B-6E3D-CD8B6761313D, B180101855, 89, 2021-01-31T10:57:32, 2, 0, 7, 2, 0, 50
7015F3D8-DAF3-873B-6E3D-CD8B6761313D, B180101855, 89, 2021-01-31T10:59:36, 2, 0, 7, 2, 0, 50
7015F3D8-DAF3-873B-6E3D-CD8B6761313D, B180101855, 0, 2021-01-31T11:00:36, 2, 0, 7, 2, 0, 50
7015F3D8-DAF3-873B-6E3D-CD8B6761313D, B180101855, 89, 2021-01-31T11:01:36, 2, 0, 7, 2, 0, 50
7015F3D8-DAF3-873B-6E3D-CD8B6761313D, B180101855, 89, 2021-01-31T11:02:36, 2, 0, 8, 2, 0, 50
7015F3D8-DAF3-873B-6E3D-CD8B6761313D, B180101855, 89, 2021-01-31T11:03:36, 2, 0, 7, 2, 0, 50
7015F3D8-DAF3-873B-6E3D-CD8B6761313D, B180101855, 89, 2021-01-31T11:05:36, 2, 0, 8, 2, 0, 50
7015F3D8-DAF3-873B-6E3D-CD8B6761313D, B180101855, 88, 2021-01-31T11:06:32, 2, 0, 7, 2, 0, 50
7015F3D8-DAF3-873B-6E3D-CD8B6761313D, B180101855, 88, 2021-01-31T11:08:36, 2, 0, 7, 2, 0, 50
7015F3D8-DAF3-873B-6E3D-CD8B6761313D, B180101855, 88, 2021-01-31T11:09:36, 2, 0, 7, 2, 0, 50
7015F3D8-DAF3-873B-6E3D-CD8B6761313D, B180101855, 88, 2021-01-31T11:10:32, 2, 0, 8, 2, 0, 50
7015F3D8-DAF3-873B-6E3D-CD8B6761313D, B180101855, 88, 2021-01-31T11:12:36, 2, 0, 7, 2, 0, 50
7015F3D8-DAF3-873B-6E3D-CD8B6761313D, B180101855, 88, 2021-01-31T11:14:32, 2, 0, 7, 2, 0, 50
7015F3D8-DAF3-873B-6E3D-CD8B6761313D, B180101855, 88, 2021-01-31T11:15:32, 2, 0, 7, 2, 0, 50
7015F3D8-DAF3-873B-6E3D-CD8B6761313D, B180101855, 88, 2021-01-31T11:18:36, 2, 0, 7, 2, 0, 50
7015F3D8-DAF3-873B-6E3D-CD8B6761313D, B180101855, 88, 2021-01-31T11:20:36, 2, 0, 7, 2, 0, 50
7015F3D8-DAF3-873B-6E3D-CD8B6761313D, B180101855, 88, 2021-01-31T11:21:32, 2, 0, 8, 2, 0, 50
7015F3D8-DAF3-873B-6E3D-CD8B6761313D, B180101855, 88, 2021-01-31T11:23:32, 2, 0, 7, 2, 0, 50
7015F3D8-DAF3-873B-6E3D-CD8B6761313D, B180101855, 88, 2021-01-31T11:25:36, 2, 0, 7, 2, 0, 50
7015F3D8-DAF3-873B-6E3D-CD8B6761313D, B180101855, 88, 2021-01-31T11:27:32, 2, 0, 7, 2, 0, 50
7015F3D8-DAF3-873B-6E3D-CD8B6761313D, B180101855, 88, 2021-01-31T11:33:36, 2, 0, 7, 2, 0, 50
7015F3D8-DAF3-873B-6E3D-CD8B6761313D, B180101855, 88, 2021-01-31T11:34:32, 2, 0, 7, 2, 0, 50
7015F3D8-DAF3-873B-6E3D-CD8B6761313D, B180101855, 88, 2021-01-31T11:35:32, 2, 0, 8, 2, 0, 50
7015F3D8-DAF3-873B-6E3D-CD8B6761313D, B180101855, 88, 2021-01-31T11:36:32, 2, 0, 7, 2, 0, 50
7015F3D8-DAF3-873B-6E3D-CD8B6761313D, B180101855, 88, 2021-01-31T11:37:32, 3, 0, 7, 2, 0, 50
7015F3D8-DAF3-873B-6E3D-CD8B6761313D, B180101855, 88, 2021-01-31T11:39:36, 2, 0, 8, 2, 0, 50
7015F3D8-DAF3-873B-6E3D-CD8B6761313D, B180101855, 88, 2021-01-31T11:42:36, 2, 0, 7, 2, 0, 50
7015F3D8-DAF3-873B-6E3D-CD8B6761313D, B180101855, 88, 2021-01-31T11:43:36, 2, 0, 8, 2, 0, 50
7015F3D8-DAF3-873B-6E3D-CD8B6761313D, B180101855, 88, 2021-01-31T11:45:36, 2, 0, 7, 2, 0, 50
7015F3D8-DAF3-873B-6E3D-CD8B6761313D, B180101855, 88, 2021-01-31T11:46:36, 2, 0, 8, 2, 0, 50
7015F3D8-DAF3-873B-6E3D-CD8B6761313D, B180101855, 88, 2021-01-31T11:47:36, 2, 0, 7, 2, 0, 50
7015F3D8-DAF3-873B-6E3D-CD8B6761313D, B180101855, 88, 2021-01-31T11:48:36, 2, 0, 7, 2, 0, 50
7015F3D8-DAF3-873B-6E3D-CD8B6761313D, B180101855, 88, 2021-01-31T11:49:36, 2, 0, 7, 2, 0, 50
7015F3D8-DAF3-873B-6E3D-CD8B6761313D, B180101855, 88, 2021-01-31T11:50:36, 2, 0, 8, 2, 0, 50
7015F3D8-DAF3-873B-6E3D-CD8B6761313D, B180101855, 88, 2021-01-31T11:51:36, 2, 0, 7, 2, 0, 50
7015F3D8-DAF3-873B-6E3D-CD8B6761313D, B180101855, 88, 2021-01-31T11:53:32, 2, 0, 7, 2, 0, 50
7015F3D8-DAF3-873B-6E3D-CD8B6761313D, B180101855, 88, 2021-01-31T11:55:32, 2, 0, 7, 2, 0, 50
7015F3D8-DAF3-873B-6E3D-CD8B6761313D, B180101855, 88, 2021-01-31T11:57:36, 2, 0, 7, 2, 0, 50
7015F3D8-DAF3-873B-6E3D-CD8B6761313D, B180101855, 88, 2021-01-31T11:58:36, 2, 0, 8, 2, 0, 50
7015F3D8-DAF3-873B-6E3D-CD8B6761313D, B180101855, 88, 2021-01-31T11:59:36, 2, 0, 7, 2, 0, 50
7015F3D8-DAF3-873B-6E3D-CD8B6761313D, B180101855, 88, 2021-01-31T12:01:04, 3, 0, 7, 2, 0, 0
7015F3D8-DAF3-873B-6E3D-CD8B6761313D, B180101855, 88, 2021-01-31T12:05:04, 2, 0, 8, 2, 0, 0
7015F3D8-DAF3-873B-6E3D-CD8B6761313D, B180101855, 88, 2021-01-31T12:06:04, 2, 0, 7, 2, 0, 0
7015F3D8-DAF3-873B-6E3D-CD8B6761313D, B180101855, 88, 2021-01-31T12:08:00, 2, 0, 7, 2, 0, 0
7015F3D8-DAF3-873B-6E3D-CD8B6761313D, B180101855, 88, 2021-01-31T12:09:04, 2, 0, 8, 2, 0, 0
7015F3D8-DAF3-873B-6E3D-CD8B6761313D, B180101855, 88, 2021-01-31T12:10:04, 2, 0, 7, 2, 0, 0
7015F3D8-DAF3-873B-6E3D-CD8B6761313D, B180101855, 88, 2021-01-31T12:11:00, 3, 0, 7, 2, 0, 0
7015F3D8-DAF3-873B-6E3D-CD8B6761313D, B180101855, 88, 2021-01-31T12:14:00, 2, 0, 7, 2, 0, 0
7015F3D8-DAF3-873B-6E3D-CD8B6761313D, B180101855, 88, 2021-01-31T12:15:00, 2, 0, 7, 2, 0, 0
7015F3D8-DAF3-873B-6E3D-CD8B6761313D, B180101855, 88, 2021-01-31T12:16:00, 2, 0, 8, 2, 0, 0
7015F3D8-DAF3-873B-6E3D-CD8B6761313D, B180101855, 88, 2021-01-31T12:17:00, 2, 0, 7, 2, 0, 0
7015F3D8-DAF3-873B-6E3D-CD8B6761313D, B180101855, 88, 2021-01-31T12:18:00, 2, 0, 7, 2, 0, 0
7015F3D8-DAF3-873B-6E3D-CD8B6761313D, B180101855, 88, 2021-01-31T12:19:04, 2, 0, 8, 2, 0, 0
7015F3D8-DAF3-873B-6E3D-CD8B6761313D, B180101855, 88, 2021-01-31T12:21:00, 3, 0, 7, 2, 0, 0
7015F3D8-DAF3-873B-6E3D-CD8B6761313D, B180101855, 88, 2021-01-31T12:22:00, 2, 0, 7, 2, 0, 0
7015F3D8-DAF3-873B-6E3D-CD8B6761313D, B180101855, 88, 2021-01-31T12:23:00, 2, 0, 8, 2, 0, 0
7015F3D8-DAF3-873B-6E3D-CD8B6761313D, B180101855, 87, 2021-01-31T12:24:00, 1, 0, 7, 2, 0, 0
7015F3D8-DAF3-873B-6E3D-CD8B6761313D, B180101855, 87, 2021-01-31T12:25:00, 1, 0, 7, 2, 0, 0
7015F3D8-DAF3-873B-6E3D-CD8B6761313D, B180101855, 86, 2021-01-31T12:26:00, 1, 0, 7, 2, 0, 0
7015F3D8-DAF3-873B-6E3D-CD8B6761313D, B180101855, 85, 2021-01-31T12:27:00, 1, 0, 8, 2, 0, 0
7015F3D8-DAF3-873B-6E3D-CD8B6761313D, B180101855, 84, 2021-01-31T12:28:00, 2, 0, 7, 2, 0, 0
7015F3D8-DAF3-873B-6E3D-CD8B6761313D, B180101855, 84, 2021-01-31T12:30:00, 2, 0, 7, 1, 0, 0
7015F3D8-DAF3-873B-6E3D-CD8B6761313D, B180101855, 82, 2021-01-31T12:33:00, 2, 0, 7, 1, 0, 0
7015F3D8-DAF3-873B-6E3D-CD8B6761313D, B180101855, 82, 2021-01-31T12:34:00, 2, 21, 11, 1, 0, 0
7015F3D8-DAF3-873B-6E3D-CD8B6761313D, B180101855, 83, 2021-01-31T12:36:00, 1, 0, 7, 1, 0, 0
7015F3D8-DAF3-873B-6E3D-CD8B6761313D, B180101855, 83, 2021-01-31T12:38:00, 1, 0, 7, 1, 0, 0
7015F3D8-DAF3-873B-6E3D-CD8B6761313D, B180101855, 83, 2021-01-31T12:39:00, 2, 20, 11, 1, 0, 0
7015F3D8-DAF3-873B-6E3D-CD8B6761313D, B180101855, 83, 2021-01-31T12:40:00, 2, 0, 7, 1, 0, 0
7015F3D8-DAF3-873B-6E3D-CD8B6761313D, B180101855, 82, 2021-01-31T12:41:00, 2, 0, 7, 1, 0, 0
7015F3D8-DAF3-873B-6E3D-CD8B6761313D, B180101855, 82, 2021-01-31T12:42:00, 2, 0, 7, 1, 0, 0
7015F3D8-DAF3-873B-6E3D-CD8B6761313D, B180101855, 82, 2021-01-31T12:43:00, 2, 0, 8, 1, 0, 0
7015F3D8-DAF3-873B-6E3D-CD8B6761313D, B180101855, 82, 2021-01-31T12:44:00, 2, 0, 7, 1, 0, 0
7015F3D8-DAF3-873B-6E3D-CD8B6761313D, B180101855, 82, 2021-01-31T12:45:00, 2, 0, 7, 1, 0, 0
7015F3D8-DAF3-873B-6E3D-CD8B6761313D, B180101855, 81, 2021-01-31T12:46:00, 2, 0, 8, 1, 0, 0
7015F3D8-DAF3-873B-6E3D-CD8B6761313D, B180101855, 82, 2021-01-31T12:47:00, 2, 0, 7, 1, 0, 0
7015F3D8-DAF3-873B-6E3D-CD8B6761313D, B180101855, 81, 2021-01-31T12:48:00, 2, 0, 7, 1, 0, 0
7015F3D8-DAF3-873B-6E3D-CD8B6761313D, B180101855, 80, 2021-01-31T12:49:00, 1, 0, 7, 1, 0, 0
7015F3D8-DAF3-873B-6E3D-CD8B6761313D, B180101855, 80, 2021-01-31T12:50:00, 1, 0, 8, 2, 0, 0
7015F3D8-DAF3-873B-6E3D-CD8B6761313D, B180101855, 80, 2021-01-31T12:51:00, 2, 0, 7, 1, 0, 0
7015F3D8-DAF3-873B-6E3D-CD8B6761313D, B180101855, 79, 2021-01-31T12:56:00, 2, 0, 7, 2, 0, 0
7015F3D8-DAF3-873B-6E3D-CD8B6761313D, B180101855, 79, 2021-01-31T12:58:00, 2, 0, 7, 2, 0, 0
7015F3D8-DAF3-873B-6E3D-CD8B6761313D, B180101855, 80, 2021-01-31T12:59:00, 2, 0, 7, 2, 0, 0
7015F3D8-DAF3-873B-6E3D-CD8B6761313D, B180101855, 80, 2021-01-31T13:00:00, 3, 0, 7, 2, 0, 0
7015F3D8-DAF3-873B-6E3D-CD8B6761313D, B180101855, 80, 2021-01-31T13:01:00, 3, 0, 8, 2, 0, 0
7015F3D8-DAF3-873B-6E3D-CD8B6761313D, B180101855, 80, 2021-01-31T13:03:00, 3, 0, 7, 2, 0, 0
7015F3D8-DAF3-873B-6E3D-CD8B6761313D, B180101855, 80, 2021-01-31T13:05:00, 3, 0, 8, 1, 0, 0
7015F3D8-DAF3-873B-6E3D-CD8B6761313D, B180101855, 79, 2021-01-31T13:06:00, 2, 0, 7, 2, 0, 0
7015F3D8-DAF3-873B-6E3D-CD8B6761313D, B180101855, 79, 2021-01-31T13:07:00, 2, 0, 7, 1, 0, 0
7015F3D8-DAF3-873B-6E3D-CD8B6761313D, B180101855, 79, 2021-01-31T13:09:00, 3, 0, 7, 1, 0, 0
7015F3D8-DAF3-873B-6E3D-CD8B6761313D, B180101855, 79, 2021-01-31T13:10:00, 2, 0, 7, 1, 0, 0
7015F3D8-DAF3-873B-6E3D-CD8B6761313D, B180101855, 77, 2021-01-31T13:14:00, 2, 0, 8, 1, 0, 0
7015F3D8-DAF3-873B-6E3D-CD8B6761313D, B180101855, 76, 2021-01-31T13:17:00, 3, 0, 7, 1, 0, 0
7015F3D8-DAF3-873B-6E3D-CD8B6761313D, B180101855, 76, 2021-01-31T13:18:00, 3, 0, 8, 2, 0, 0
7015F3D8-DAF3-873B-6E3D-CD8B6761313D, B180101855, 76, 2021-01-31T13:19:00, 3, 0, 7, 1, 0, 0
7015F3D8-DAF3-873B-6E3D-CD8B6761313D, B180101855, 76, 2021-01-31T13:20:00, 3, 0, 7, 2, 0, 0
7015F3D8-DAF3-873B-6E3D-CD8B6761313D, B180101855, 78, 2021-01-31T13:21:00, 3, 0, 7, 2, 0, 0
7015F3D8-DAF3-873B-6E3D-CD8B6761313D, B180101855, 78, 2021-01-31T13:26:00, 3, 0, 7, 2, 0, 0
7015F3D8-DAF3-873B-6E3D-CD8B6761313D, B180101855, 78, 2021-01-31T13:27:00, 3, 0, 7, 2, 0, 0
7015F3D8-DAF3-873B-6E3D-CD8B6761313D, B180101855, 78, 2021-01-31T13:31:00, 3, 0, 7, 2, 0, 0
7015F3D8-DAF3-873B-6E3D-CD8B6761313D, B180101855, 78, 2021-01-31T13:32:00, 3, 0, 8, 2, 0, 0
7015F3D8-DAF3-873B-6E3D-CD8B6761313D, B180101855, 78, 2021-01-31T13:33:00, 3, 0, 7, 2, 0, 0
7015F3D8-DAF3-873B-6E3D-CD8B6761313D, B180101855, 78, 2021-01-31T13:34:00, 3, 0, 7, 2, 0, 0
7015F3D8-DAF3-873B-6E3D-CD8B6761313D, B180101855, 78, 2021-01-31T13:35:00, 4, 0, 7, 2, 0, 0
7015F3D8-DAF3-873B-6E3D-CD8B6761313D, B180101855, 78, 2021-01-31T13:36:00, 3, 0, 8, 2, 0, 0
7015F3D8-DAF3-873B-6E3D-CD8B6761313D, B180101855, 78, 2021-01-31T13:37:00, 4, 0, 7, 2, 0, 0
7015F3D8-DAF3-873B-6E3D-CD8B6761313D, B180101855, 78, 2021-01-31T13:38:00, 3, 0, 7, 2, 0, 0
7015F3D8-DAF3-873B-6E3D-CD8B6761313D, B180101855, 78, 2021-01-31T13:39:00, 3, 0, 8, 0, 0, 20
7015F3D8-DAF3-873B-6E3D-CD8B6761313D, B180101855, 78, 2021-01-31T13:40:00, 4, 0, 7, 0, 0, 21
7015F3D8-DAF3-873B-6E3D-CD8B6761313D, B180101855, 78, 2021-01-31T13:42:00, 4, 0, 8, 0, 0, 23
7015F3D8-DAF3-873B-6E3D-CD8B6761313D, B180101855, 78, 2021-01-31T13:44:00, 4, 0, 7, 0, 0, 25
7015F3D8-DAF3-873B-6E3D-CD8B6761313D, B180101855, 78, 2021-01-31T13:45:00, 4, 0, 7, 0, 0, 26
7015F3D8-DAF3-873B-6E3D-CD8B6761313D, B180101855, 78, 2021-01-31T13:46:00, 4, 0, 8, 0, 0, 27
7015F3D8-DAF3-873B-6E3D-CD8B6761313D, B180101855, 78, 2021-01-31T13:47:00, 4, 0, 7, 0, 0, 28
7015F3D8-DAF3-873B-6E3D-CD8B6761313D, B180101855, 78, 2021-01-31T13:48:00, 4, 0, 7, 0, 0, 29
7015F3D8-DAF3-873B-6E3D-CD8B6761313D, B180101855, 78, 2021-01-31T13:49:00, 4, 0, 8, 0, 0, 30
7015F3D8-DAF3-873B-6E3D-CD8B6761313D, B180101855, 77, 2021-01-31T13:51:00, 4, 0, 7, 0, 0, 32
7015F3D8-DAF3-873B-6E3D-CD8B6761313D, B180101855, 77, 2021-01-31T13:52:00, 4, 0, 7, 0, 0, 33
7015F3D8-DAF3-873B-6E3D-CD8B6761313D, B180101855, 77, 2021-01-31T13:54:00, 4, 0, 7, 0, 0, 35
7015F3D8-DAF3-873B-6E3D-CD8B6761313D, B180101855, 77, 2021-01-31T13:59:00, 5, 0, 8, 0, 0, 40
7015F3D8-DAF3-873B-6E3D-CD8B6761313D, B180101855, 77, 2021-01-31T14:03:32, 5, 0, 7, 0, 0, 44
7015F3D8-DAF3-873B-6E3D-CD8B6761313D, B180101855, 77, 2021-01-31T14:08:32, 5, 0, 8, 0, 0, 49
7015F3D8-DAF3-873B-6E3D-CD8B6761313D, B180101855, 77, 2021-01-31T14:09:32, 5, 0, 7, 0, 0, 50
7015F3D8-DAF3-873B-6E3D-CD8B6761313D, B180101855, 76, 2021-01-31T14:12:32, 5, 0, 8, 0, 0, 53
7015F3D8-DAF3-873B-6E3D-CD8B6761313D, B180101855, 76, 2021-01-31T14:15:32, 5, 0, 7, 0, 0, 56
7015F3D8-DAF3-873B-6E3D-CD8B6761313D, B180101855, 76, 2021-01-31T14:17:32, 5, 0, 7, 0, 0, 58
7015F3D8-DAF3-873B-6E3D-CD8B6761313D, B180101855, 76, 2021-01-31T14:22:32, 5, 0, 7, 0, 1, 3
7015F3D8-DAF3-873B-6E3D-CD8B6761313D, B180101855, 76, 2021-01-31T14:23:32, 6, 0, 8, 0, 1, 4
7015F3D8-DAF3-873B-6E3D-CD8B6761313D, B180101855, 76, 2021-01-31T14:27:32, 5, 0, 8, 0, 1, 8
7015F3D8-DAF3-873B-6E3D-CD8B6761313D, B180101855, 76, 2021-01-31T14:32:32, 6, 0, 7, 0, 1, 13
7015F3D8-DAF3-873B-6E3D-CD8B6761313D, B180101855, 75, 2021-01-31T14:33:32, 6, 0, 8, 2, 1, 13
7015F3D8-DAF3-873B-6E3D-CD8B6761313D, B180101855, 76, 2021-01-31T14:37:32, 7, 0, 7, 0, 1, 18
7015F3D8-DAF3-873B-6E3D-CD8B6761313D, B180101855, 76, 2021-01-31T14:41:32, 8, 0, 8, 0, 1, 22
7015F3D8-DAF3-873B-6E3D-CD8B6761313D, B180101855, 75, 2021-01-31T14:46:32, 7, 0, 7, 0, 1, 27
7015F3D8-DAF3-873B-6E3D-CD8B6761313D, B180101855, 74, 2021-01-31T14:49:32, 7, 0, 7, 2, 1, 29
7015F3D8-DAF3-873B-6E3D-CD8B6761313D, B180101855, 74, 2021-01-31T14:51:32, 7, 0, 7, 0, 1, 32
7015F3D8-DAF3-873B-6E3D-CD8B6761313D, B180101855, 74, 2021-01-31T14:52:32, 7, 0, 7, 0, 1, 33
7015F3D8-DAF3-873B-6E3D-CD8B6761313D, B180101855, 74, 2021-01-31T14:54:32, 8, 0, 7, 0, 1, 35
7015F3D8-DAF3-873B-6E3D-CD8B6761313D, B180101855, 74, 2021-01-31T14:55:32, 8, 0, 7, 0, 1, 36
7015F3D8-DAF3-873B-6E3D-CD8B6761313D, B180101855, 74, 2021-01-31T14:56:32, 8, 0, 8, 0, 1, 37
7015F3D8-DAF3-873B-6E3D-CD8B6761313D, B180101855, 74, 2021-01-31T14:57:32, 8, 0, 7, 0, 1, 38
7015F3D8-DAF3-873B-6E3D-CD8B6761313D, B180101855, 74, 2021-01-31T15:00:32, 8, 0, 7, 0, 1, 41
7015F3D8-DAF3-873B-6E3D-CD8B6761313D, B180101855, 74, 2021-01-31T15:01:32, 8, 0, 8, 0, 1, 42
7015F3D8-DAF3-873B-6E3D-CD8B6761313D, B180101855, 60, 2021-01-31T15:02:32, 9, 0, 7, 0, 1, 43
7015F3D8-DAF3-873B-6E3D-CD8B6761313D, B180101855, 60, 2021-01-31T15:03:32, 9, 0, 7, 0, 1, 44
7015F3D8-DAF3-873B-6E3D-CD8B6761313D, B180101855, 60, 2021-01-31T15:05:32, 9, 0, 7, 0, 1, 46
7015F3D8-DAF3-873B-6E3D-CD8B6761313D, B180101855, 73, 2021-01-31T15:08:32, 9, 0, 7, 0, 1, 49
7015F3D8-DAF3-873B-6E3D-CD8B6761313D, B180101855, 74, 2021-01-31T15:09:32, 9, 0, 8, 0, 1, 50
7015F3D8-DAF3-873B-6E3D-CD8B6761313D, B180101855, 74, 2021-01-31T15:10:32, 9, 0, 7, 0, 1, 51
7015F3D8-DAF3-873B-6E3D-CD8B6761313D, B180101855, 73, 2021-01-31T15:12:32, 9, 0, 8, 0, 1, 53
7015F3D8-DAF3-873B-6E3D-CD8B6761313D, B180101855, 73, 2021-01-31T15:14:32, 9, 0, 8, 0, 1, 55
7015F3D8-DAF3-873B-6E3D-CD8B6761313D, B180101855, 72, 2021-01-31T15:16:32, 9, 0, 7, 0, 1, 57
7015F3D8-DAF3-873B-6E3D-CD8B6761313D, B180101855, 72, 2021-01-31T15:18:32, 9, 0, 7, 0, 1, 59
7015F3D8-DAF3-873B-6E3D-CD8B6761313D, B180101855, 72, 2021-01-31T15:19:32, 9, 0, 8, 0, 2, 0
7015F3D8-DAF3-873B-6E3D-CD8B6761313D, B180101855, 72, 2021-01-31T15:21:32, 10, 0, 7, 0, 2, 2
7015F3D8-DAF3-873B-6E3D-CD8B6761313D, B180101855, 72, 2021-01-31T15:23:32, 9, 0, 7, 0, 2, 4
7015F3D8-DAF3-873B-6E3D-CD8B6761313D, B180101855, 72, 2021-01-31T15:24:32, 10, 0, 8, 0, 2, 5
7015F3D8-DAF3-873B-6E3D-CD8B6761313D, B180101855, 72, 2021-01-31T15:32:32, 9, 0, 8, 0, 2, 13
7015F3D8-DAF3-873B-6E3D-CD8B6761313D, B180101855, 72, 2021-01-31T15:33:32, 10, 0, 7, 0, 2, 14
7015F3D8-DAF3-873B-6E3D-CD8B6761313D, B180101855, 72, 2021-01-31T15:38:32, 10, 0, 7, 0, 2, 19
7015F3D8-DAF3-873B-6E3D-CD8B6761313D, B180101855, 71, 2021-01-31T15:40:32, 10, 0, 8, 0, 2, 21
7015F3D8-DAF3-873B-6E3D-CD8B6761313D, B180101855, 71, 2021-01-31T15:45:32, 9, 0, 8, 0, 2, 26
7015F3D8-DAF3-873B-6E3D-CD8B6761313D, B180101855, 71, 2021-01-31T15:47:32, 9, 0, 7, 0, 2, 28
7015F3D8-DAF3-873B-6E3D-CD8B6761313D, B180101855, 70, 2021-01-31T15:49:32, 8, 0, 7, 2, 2, 29
7015F3D8-DAF3-873B-6E3D-CD8B6761313D, B180101855, 70, 2021-01-31T15:55:32, 8, 0, 8, 0, 2, 36
7015F3D8-DAF3-873B-6E3D-CD8B6761313D, B180101855, 70, 2021-01-31T15:56:32, 9, 0, 7, 0, 2, 37
7015F3D8-DAF3-873B-6E3D-CD8B6761313D, B180101855, 70, 2021-01-31T15:57:32, 9, 0, 7, 0, 2, 38
7015F3D8-DAF3-873B-6E3D-CD8B6761313D, B180101855, 70, 2021-01-31T15:58:32, 8, 0, 8, 0, 2, 39
7015F3D8-DAF3-873B-6E3D-CD8B6761313D, B180101855, 70, 2021-01-31T15:59:32, 8, 0, 7, 0, 2, 40
7015F3D8-DAF3-873B-6E3D-CD8B6761313D, B180101855, 70, 2021-01-31T16:01:00, 8, 0, 8, 0, 2, 42
7015F3D8-DAF3-873B-6E3D-CD8B6761313D, B180101855, 70, 2021-01-31T16:03:00, 8, 0, 8, 2, 2, 42
7015F3D8-DAF3-873B-6E3D-CD8B6761313D, B180101855, 69, 2021-01-31T16:08:00, 7, 0, 7, 2, 2, 42
7015F3D8-DAF3-873B-6E3D-CD8B6761313D, B180101855, 69, 2021-01-31T16:10:00, 6, 0, 7, 2, 2, 50
7015F3D8-DAF3-873B-6E3D-CD8B6761313D, B180101855, 70, 2021-01-31T16:11:00, 6, 0, 7, 2, 2, 50
7015F3D8-DAF3-873B-6E3D-CD8B6761313D, B180101855, 70, 2021-01-31T16:12:00, 6, 0, 8, 0, 2, 53
7015F3D8-DAF3-873B-6E3D-CD8B6761313D, B180101855, 70, 2021-01-31T16:13:00, 6, 0, 7, 2, 2, 53
7015F3D8-DAF3-873B-6E3D-CD8B6761313D, B180101855, 70, 2021-01-31T16:16:00, 7, 0, 7, 2, 2, 55
7015F3D8-DAF3-873B-6E3D-CD8B6761313D, B180101855, 69, 2021-01-31T16:17:00, 6, 0, 7, 2, 2, 55
7015F3D8-DAF3-873B-6E3D-CD8B6761313D, B180101855, 0, 2021-01-31T16:18:00, 6, 0, 8, 2, 2, 55
7015F3D8-DAF3-873B-6E3D-CD8B6761313D, B180101855, 68, 2021-01-31T16:20:00, 6, 0, 7, 2, 2, 55
7015F3D8-DAF3-873B-6E3D-CD8B6761313D, B180101855, 68, 2021-01-31T16:22:00, 6, 0, 7, 2, 2, 55
7015F3D8-DAF3-873B-6E3D-CD8B6761313D, B180101855, 53, 2021-01-31T16:25:00, 5, 0, 7, 1, 2, 55
7015F3D8-DAF3-873B-6E3D-CD8B6761313D, B180101855, 53, 2021-01-31T16:26:00, 5, 0, 7, 1, 2, 55
7015F3D8-DAF3-873B-6E3D-CD8B6761313D, B180101855, 53, 2021-01-31T16:28:00, 5, 0, 7, 1, 2, 55
7015F3D8-DAF3-873B-6E3D-CD8B6761313D, B180101855, 68, 2021-01-31T17:00:00, 6, 0, 7, 0, 3, 17
7015F3D8-DAF3-873B-6E3D-CD8B6761313D, B180101855, 68, 2021-01-31T17:03:00, 5, 0, 7, 2, 3, 18
7015F3D8-DAF3-873B-6E3D-CD8B6761313D, B180101855, 68, 2021-01-31T17:05:00, 5, 0, 8, 2, 3, 18
7015F3D8-DAF3-873B-6E3D-CD8B6761313D, B180101855, 67, 2021-01-31T17:06:00, 5, 0, 7, 2, 3, 18
7015F3D8-DAF3-873B-6E3D-CD8B6761313D, B180101855, 67, 2021-01-31T17:07:00, 5, 0, 7, 2, 3, 18
7015F3D8-DAF3-873B-6E3D-CD8B6761313D, B180101855, 67, 2021-01-31T17:08:00, 5, 0, 8, 0, 3, 25
7015F3D8-DAF3-873B-6E3D-CD8B6761313D, B180101855, 66, 2021-01-31T17:10:00, 5, 0, 7, 0, 3, 27
7015F3D8-DAF3-873B-6E3D-CD8B6761313D, B180101855, 66, 2021-01-31T17:12:00, 5, 0, 7, 0, 3, 29
7015F3D8-DAF3-873B-6E3D-CD8B6761313D, B180101855, 65, 2021-01-31T17:14:00, 6, 0, 8, 0, 3, 31
7015F3D8-DAF3-873B-6E3D-CD8B6761313D, B180101855, 65, 2021-01-31T17:16:00, 6, 0, 7, 0, 3, 33
7015F3D8-DAF3-873B-6E3D-CD8B6761313D, B180101855, 66, 2021-01-31T17:18:00, 6, 0, 7, 0, 3, 35
7015F3D8-DAF3-873B-6E3D-CD8B6761313D, B180101855, 66, 2021-01-31T17:21:00, 7, 0, 7, 0, 3, 38
7015F3D8-DAF3-873B-6E3D-CD8B6761313D, B180101855, 66, 2021-01-31T17:23:00, 6, 0, 8, 0, 3, 40
7015F3D8-DAF3-873B-6E3D-CD8B6761313D, B180101855, 65, 2021-01-31T17:24:00, 5, 0, 7, 2, 3, 40
7015F3D8-DAF3-873B-6E3D-CD8B6761313D, B180101855, 65, 2021-01-31T17:25:00, 5, 0, 7, 2, 3, 40
7015F3D8-DAF3-873B-6E3D-CD8B6761313D, B180101855, 65, 2021-01-31T17:26:00, 4, 0, 8, 0, 3, 43
7015F3D8-DAF3-873B-6E3D-CD8B6761313D, B180101855, 65, 2021-01-31T17:27:00, 4, 0, 7, 0, 3, 44
7015F3D8-DAF3-873B-6E3D-CD8B6761313D, B180101855, 64, 2021-01-31T17:28:00, 4, 0, 7, 0, 3, 45
7015F3D8-DAF3-873B-6E3D-CD8B6761313D, B180101855, 65, 2021-01-31T17:32:00, 4, 0, 7, 2, 3, 46
7015F3D8-DAF3-873B-6E3D-CD8B6761313D, B180101855, 65, 2021-01-31T17:37:00, 4, 0, 7, 0, 3, 54
7015F3D8-DAF3-873B-6E3D-CD8B6761313D, B180101855, 65, 2021-01-31T17:40:00, 4, 0, 7, 2, 3, 54
7015F3D8-DAF3-873B-6E3D-CD8B6761313D, B180101855, 0, 2021-01-31T17:41:00, 4, 0, 7, 2, 3, 54
7015F3D8-DAF3-873B-6E3D-CD8B6761313D, B180101855, 64, 2021-01-31T17:42:00, 4, 0, 8, 2, 3, 54
7015F3D8-DAF3-873B-6E3D-CD8B6761313D, B180101855, 64, 2021-01-31T17:43:00, 4, 0, 7, 2, 3, 54
7015F3D8-DAF3-873B-6E3D-CD8B6761313D, B180101855, 63, 2021-01-31T17:44:00, 4, 0, 7, 2, 3, 54
7015F3D8-DAF3-873B-6E3D-CD8B6761313D, B180101855, 63, 2021-01-31T17:45:00, 4, 0, 7, 2, 3, 54
7015F3D8-DAF3-873B-6E3D-CD8B6761313D, B180101855, 63, 2021-01-31T17:46:00, 4, 0, 8, 0, 4, 3
7015F3D8-DAF3-873B-6E3D-CD8B6761313D, B180101855, 64, 2021-01-31T17:49:00, 4, 0, 7, 0, 4, 6
7015F3D8-DAF3-873B-6E3D-CD8B6761313D, B180101855, 63, 2021-01-31T17:58:00, 4, 0, 7, 2, 4, 11
7015F3D8-DAF3-873B-6E3D-CD8B6761313D, B180101855, 64, 2021-01-31T18:00:32, 4, 0, 7, 2, 4, 11
7015F3D8-DAF3-873B-6E3D-CD8B6761313D, B180101855, 63, 2021-01-31T18:03:32, 4, 0, 7, 2, 4, 11
7015F3D8-DAF3-873B-6E3D-CD8B6761313D, B180101855, 63, 2021-01-31T18:05:32, 4, 0, 8, 1, 4, 11
7015F3D8-DAF3-873B-6E3D-CD8B6761313D, B180101855, 63, 2021-01-31T18:06:32, 3, 0, 7, 1, 4, 11
7015F3D8-DAF3-873B-6E3D-CD8B6761313D, B180101855, 62, 2021-01-31T18:07:32, 3, 0, 7, 1, 4, 11
7015F3D8-DAF3-873B-6E3D-CD8B6761313D, B180101855, 63, 2021-01-31T18:09:32, 4, 0, 8, 1, 4, 11
7015F3D8-DAF3-873B-6E3D-CD8B6761313D, B180101855, 63, 2021-01-31T18:10:32, 4, 0, 7, 1, 4, 11
7015F3D8-DAF3-873B-6E3D-CD8B6761313D, B180101855, 63, 2021-01-31T18:14:32, 5, 0, 7, 1, 4, 11
7015F3D8-DAF3-873B-6E3D-CD8B6761313D, B180101855, 63, 2021-01-31T18:17:32, 5, 0, 7, 1, 4, 11
7015F3D8-DAF3-873B-6E3D-CD8B6761313D, B180101855, 63, 2021-01-31T18:19:32, 5, 0, 8, 1, 4, 11
7015F3D8-DAF3-873B-6E3D-CD8B6761313D, B180101855, 63, 2021-01-31T18:20:32, 5, 0, 7, 1, 4, 11
7015F3D8-DAF3-873B-6E3D-CD8B6761313D, B180101855, 63, 2021-01-31T18:21:32, 5, 0, 7, 1, 4, 11
7015F3D8-DAF3-873B-6E3D-CD8B6761313D, B180101855, 62, 2021-01-31T18:22:32, 5, 0, 8, 1, 4, 11
7015F3D8-DAF3-873B-6E3D-CD8B6761313D, B180101855, 62, 2021-01-31T18:23:32, 5, 0, 7, 1, 4, 11
7015F3D8-DAF3-873B-6E3D-CD8B6761313D, B180101855, 62, 2021-01-31T18:25:32, 6, 0, 8, 2, 4, 11
7015F3D8-DAF3-873B-6E3D-CD8B6761313D, B180101855, 62, 2021-01-31T18:26:32, 5, 0, 7, 2, 4, 11
7015F3D8-DAF3-873B-6E3D-CD8B6761313D, B180101855, 62, 2021-01-31T18:28:32, 6, 0, 8, 2, 4, 11
7015F3D8-DAF3-873B-6E3D-CD8B6761313D, B180101855, 62, 2021-01-31T18:29:32, 6, 0, 7, 2, 4, 11
7015F3D8-DAF3-873B-6E3D-CD8B6761313D, B180101855, 62, 2021-01-31T18:30:32, 6, 0, 7, 2, 4, 11
7015F3D8-DAF3-873B-6E3D-CD8B6761313D, B180101855, 62, 2021-01-31T18:32:32, 6, 0, 7, 2, 4, 11
7015F3D8-DAF3-873B-6E3D-CD8B6761313D, B180101855, 62, 2021-01-31T18:34:32, 6, 0, 8, 2, 4, 11
7015F3D8-DAF3-873B-6E3D-CD8B6761313D, B180101855, 62, 2021-01-31T18:35:32, 6, 0, 7, 2, 4, 11
7015F3D8-DAF3-873B-6E3D-CD8B6761313D, B180101855, 62, 2021-01-31T18:37:32, 6, 0, 8, 2, 4, 11
7015F3D8-DAF3-873B-6E3D-CD8B6761313D, B180101855, 62, 2021-01-31T18:38:32, 6, 0, 7, 1, 4, 11
7015F3D8-DAF3-873B-6E3D-CD8B6761313D, B180101855, 62, 2021-01-31T18:39:32, 6, 0, 7, 1, 4, 11
7015F3D8-DAF3-873B-6E3D-CD8B6761313D, B180101855, 62, 2021-01-31T18:40:32, 6, 0, 8, 1, 4, 11
7015F3D8-DAF3-873B-6E3D-CD8B6761313D, B180101855, 0, 2021-01-31T18:42:32, 6, 0, 7, 1, 4, 11
7015F3D8-DAF3-873B-6E3D-CD8B6761313D, B180101855, 61, 2021-01-31T18:43:32, 6, 0, 8, 1, 4, 11
7015F3D8-DAF3-873B-6E3D-CD8B6761313D, B180101855, 61, 2021-01-31T18:44:32, 6, 0, 7, 1, 4, 11
7015F3D8-DAF3-873B-6E3D-CD8B6761313D, B180101855, 61, 2021-01-31T18:45:32, 6, 0, 7, 1, 4, 11
7015F3D8-DAF3-873B-6E3D-CD8B6761313D, B180101855, 61, 2021-01-31T18:47:32, 5, 0, 7, 1, 4, 11
7015F3D8-DAF3-873B-6E3D-CD8B6761313D, B180101855, 61, 2021-01-31T18:49:32, 5, 0, 8, 1, 4, 11
7015F3D8-DAF3-873B-6E3D-CD8B6761313D, B180101855, 61, 2021-01-31T18:51:32, 5, 0, 7, 2, 4, 11
7015F3D8-DAF3-873B-6E3D-CD8B6761313D, B180101855, 60, 2021-01-31T18:53:32, 4, 33, 13, 2, 4, 11
7015F3D8-DAF3-873B-6E3D-CD8B6761313D, B180101855, 60, 2021-01-31T18:54:32, 4, 26, 12, 1, 4, 11
7015F3D8-DAF3-873B-6E3D-CD8B6761313D, B180101855, 60, 2021-01-31T18:57:32, 5, 0, 7, 1, 4, 11
7015F3D8-DAF3-873B-6E3D-CD8B6761313D, B180101855, 60, 2021-01-31T18:59:32, 5, 0, 7, 1, 4, 11
7015F3D8-DAF3-873B-6E3D-CD8B6761313D, B180101855, 61, 2021-01-31T19:00:32, 5, 0, 7, 1, 4, 11
7015F3D8-DAF3-873B-6E3D-CD8B6761313D, B180101855, 61, 2021-01-31T19:01:32, 6, 0, 8, 1, 4, 11
7015F3D8-DAF3-873B-6E3D-CD8B6761313D, B180101855, 61, 2021-01-31T19:03:32, 5, 0, 7, 1, 4, 11
7015F3D8-DAF3-873B-6E3D-CD8B6761313D, B180101855, 61, 2021-01-31T19:05:32, 5, 0, 7, 1, 4, 11
7015F3D8-DAF3-873B-6E3D-CD8B6761313D, B180101855, 61, 2021-01-31T19:06:32, 5, 0, 7, 2, 4, 11
7015F3D8-DAF3-873B-6E3D-CD8B6761313D, B180101855, 60, 2021-01-31T19:07:32, 5, 0, 8, 2, 4, 11
7015F3D8-DAF3-873B-6E3D-CD8B6761313D, B180101855, 61, 2021-01-31T19:09:32, 5, 0, 7, 2, 4, 11
7015F3D8-DAF3-873B-6E3D-CD8B6761313D, B180101855, 60, 2021-01-31T19:10:32, 5, 0, 7, 2, 4, 11
7015F3D8-DAF3-873B-6E3D-CD8B6761313D, B180101855, 60, 2021-01-31T19:12:32, 4, 0, 7, 2, 4, 11
7015F3D8-DAF3-873B-6E3D-CD8B6761313D, B180101855, 60, 2021-01-31T19:14:32, 5, 0, 8, 2, 4, 11
7015F3D8-DAF3-873B-6E3D-CD8B6761313D, B180101855, 60, 2021-01-31T19:15:32, 5, 0, 7, 1, 4, 11
7015F3D8-DAF3-873B-6E3D-CD8B6761313D, B180101855, 60, 2021-01-31T19:16:32, 5, 0, 7, 2, 4, 11
7015F3D8-DAF3-873B-6E3D-CD8B6761313D, B180101855, 60, 2021-01-31T19:17:32, 5, 0, 8, 2, 4, 11
7015F3D8-DAF3-873B-6E3D-CD8B6761313D, B180101855, 60, 2021-01-31T19:19:32, 5, 0, 7, 2, 4, 11
7015F3D8-DAF3-873B-6E3D-CD8B6761313D, B180101855, 60, 2021-01-31T19:21:32, 6, 0, 7, 1, 4, 11
7015F3D8-DAF3-873B-6E3D-CD8B6761313D, B180101855, 60, 2021-01-31T19:25:32, 6, 0, 7, 1, 4, 11
7015F3D8-DAF3-873B-6E3D-CD8B6761313D, B180101855, 60, 2021-01-31T19:26:32, 6, 0, 8, 1, 4, 11
7015F3D8-DAF3-873B-6E3D-CD8B6761313D, B180101855, 60, 2021-01-31T19:27:32, 6, 0, 7, 1, 4, 11
7015F3D8-DAF3-873B-6E3D-CD8B6761313D, B180101855, 60, 2021-01-31T19:28:32, 7, 0, 7, 1, 4, 11
7015F3D8-DAF3-873B-6E3D-CD8B6761313D, B180101855, 60, 2021-01-31T19:29:32, 7, 0, 8, 1, 4, 11
7015F3D8-DAF3-873B-6E3D-CD8B6761313D, B180101855, 61, 2021-01-31T19:30:32, 7, 0, 7, 1, 4, 11
7015F3D8-DAF3-873B-6E3D-CD8B6761313D, B180101855, 61, 2021-01-31T19:31:32, 7, 0, 7, 1, 4, 11
7015F3D8-DAF3-873B-6E3D-CD8B6761313D, B180101855, 60, 2021-01-31T19:33:32, 6, 0, 7, 1, 4, 11
7015F3D8-DAF3-873B-6E3D-CD8B6761313D, B180101855, 59, 2021-01-31T19:35:32, 6, 0, 8, 1, 4, 11
7015F3D8-DAF3-873B-6E3D-CD8B6761313D, B180101855, 59, 2021-01-31T19:36:36, 5, 0, 7, 1, 4, 11
7015F3D8-DAF3-873B-6E3D-CD8B6761313D, B180101855, 59, 2021-01-31T19:37:36, 4, 0, 7, 1, 4, 11
7015F3D8-DAF3-873B-6E3D-CD8B6761313D, B180101855, 59, 2021-01-31T19:39:36, 3, 0, 7, 1, 4, 11
7015F3D8-DAF3-873B-6E3D-CD8B6761313D, B180101855, 59, 2021-01-31T19:40:36, 2, 0, 7, 2, 4, 11
7015F3D8-DAF3-873B-6E3D-CD8B6761313D, B180101855, 57, 2021-01-31T19:41:36, 1, 0, 7, 2, 4, 11
7015F3D8-DAF3-873B-6E3D-CD8B6761313D, B180101855, 57, 2021-01-31T19:42:36, 1, 0, 8, 2, 4, 11
7015F3D8-DAF3-873B-6E3D-CD8B6761313D, B180101855, 57, 2021-01-31T19:43:36, 0, 0, 7, 2, 4, 11
7015F3D8-DAF3-873B-6E3D-CD8B6761313D, B180101855, 57, 2021-01-31T19:44:36, 0, 0, 7, 2, 4, 11
7015F3D8-DAF3-873B-6E3D-CD8B6761313D, B180101855, 58, 2021-01-31T19:45:36, 0, 0, 7, 2, 4, 11
7015F3D8-DAF3-873B-6E3D-CD8B6761313D, B180101855, 58, 2021-01-31T19:46:36, 0, 0, 8, 2, 4, 11
7015F3D8-DAF3-873B-6E3D-CD8B6761313D, B180101855, 58, 2021-01-31T19:47:36, 0, 0, 7, 2, 4, 11
7015F3D8-DAF3-873B-6E3D-CD8B6761313D, B180101855, 58, 2021-01-31T19:48:36, 0, 0, 7, 2, 4, 11
7015F3D8-DAF3-873B-6E3D-CD8B6761313D, B180101855, 58, 2021-01-31T19:49:36, 0, 0, 7, 2, 4, 11
7015F3D8-DAF3-873B-6E3D-CD8B6761313D, B180101855, 58, 2021-01-31T19:50:36, 0, 0, 7, 2, 4, 11
7015F3D8-DAF3-873B-6E3D-CD8B6761313D, B180101855, 57, 2021-01-31T19:52:36, 0, 0, 7, 2, 4, 11
7015F3D8-DAF3-873B-6E3D-CD8B6761313D, B180101855, 57, 2021-01-31T19:53:36, 0, 0, 7, 2, 4, 11
7015F3D8-DAF3-873B-6E3D-CD8B6761313D, B180101855, 57, 2021-01-31T19:54:36, 0, 0, 7, 2, 4, 11
7015F3D8-DAF3-873B-6E3D-CD8B6761313D, B180101855, 57, 2021-01-31T19:55:36, 0, 0, 8, 2, 4, 11
7015F3D8-DAF3-873B-6E3D-CD8B6761313D, B180101855, 57, 2021-01-31T19:56:36, 0, 0, 7, 2, 4, 11
7015F3D8-DAF3-873B-6E3D-CD8B6761313D, B180101855, 57, 2021-01-31T19:58:36, 0, 0, 7, 2, 4, 11
7015F3D8-DAF3-873B-6E3D-CD8B6761313D, B180101855, 79, 2021-01-31T20:00:04, 2, 0, 7, 2, 4, 11
7015F3D8-DAF3-873B-6E3D-CD8B6761313D, B180101855, 86, 2021-01-31T20:01:04, 4, 0, 7, 2, 4, 11
7015F3D8-DAF3-873B-6E3D-CD8B6761313D, B180101855, 100, 2021-01-31T20:03:04, 5, 0, 7, 2, 4, 11
7015F3D8-DAF3-873B-6E3D-CD8B6761313D, B180101855, 100, 2021-01-31T20:05:04, 5, 0, 7, 2, 4, 11
7015F3D8-DAF3-873B-6E3D-CD8B6761313D, B180101855, 100, 2021-01-31T20:06:04, 6, 0, 8, 2, 4, 11
7015F3D8-DAF3-873B-6E3D-CD8B6761313D, B180101855, 100, 2021-01-31T20:07:04, 6, 0, 7, 2, 4, 11
7015F3D8-DAF3-873B-6E3D-CD8B6761313D, B180101855, 100, 2021-01-31T20:08:04, 6, 0, 8, 2, 4, 11
7015F3D8-DAF3-873B-6E3D-CD8B6761313D, B180101855, 100, 2021-01-31T20:09:04, 7, 0, 7, 2, 4, 11
7015F3D8-DAF3-873B-6E3D-CD8B6761313D, B180101855, 100, 2021-01-31T20:10:04, 7, 0, 7, 2, 4, 11
7015F3D8-DAF3-873B-6E3D-CD8B6761313D, B180101855, 98, 2021-01-31T20:12:04, 6, 0, 7, 2, 4, 11
7015F3D8-DAF3-873B-6E3D-CD8B6761313D, B180101855, 95, 2021-01-31T20:13:04, 6, 0, 7, 2, 4, 11
7015F3D8-DAF3-873B-6E3D-CD8B6761313D, B180101855, 92, 2021-01-31T20:15:04, 6, 0, 7, 2, 4, 11
7015F3D8-DAF3-873B-6E3D-CD8B6761313D, B180101855, 94, 2021-01-31T20:16:04, 6, 0, 7, 2, 4, 11
7015F3D8-DAF3-873B-6E3D-CD8B6761313D, B180101855, 95, 2021-01-31T20:18:04, 6, 0, 7, 2, 4, 11
7015F3D8-DAF3-873B-6E3D-CD8B6761313D, B180101855, 92, 2021-01-31T20:19:04, 6, 0, 7, 2, 4, 11
7015F3D8-DAF3-873B-6E3D-CD8B6761313D, B180101855, 89, 2021-01-31T20:20:04, 5, 0, 8, 2, 4, 11
7015F3D8-DAF3-873B-6E3D-CD8B6761313D, B180101855, 88, 2021-01-31T20:21:04, 5, 0, 7, 2, 4, 11
7015F3D8-DAF3-873B-6E3D-CD8B6761313D, B180101855, 91, 2021-01-31T20:22:04, 6, 0, 7, 2, 4, 11
7015F3D8-DAF3-873B-6E3D-CD8B6761313D, B180101855, 92, 2021-01-31T20:23:04, 6, 0, 7, 2, 4, 11
7015F3D8-DAF3-873B-6E3D-CD8B6761313D, B180101855, 92, 2021-01-31T20:24:04, 5, 0, 8, 2, 4, 11
7015F3D8-DAF3-873B-6E3D-CD8B6761313D, B180101855, 93, 2021-01-31T20:25:04, 5, 0, 7, 2, 4, 11
7015F3D8-DAF3-873B-6E3D-CD8B6761313D, B180101855, 90, 2021-01-31T20:26:04, 5, 0, 8, 2, 4, 11
7015F3D8-DAF3-873B-6E3D-CD8B6761313D, B180101855, 89, 2021-01-31T20:27:04, 5, 0, 7, 2, 4, 11
7015F3D8-DAF3-873B-6E3D-CD8B6761313D, B180101855, 88, 2021-01-31T20:29:04, 5, 0, 8, 2, 4, 11
7015F3D8-DAF3-873B-6E3D-CD8B6761313D, B180101855, 87, 2021-01-31T20:31:04, 5, 0, 7, 2, 4, 11
7015F3D8-DAF3-873B-6E3D-CD8B6761313D, B180101855, 90, 2021-01-31T20:32:04, 5, 0, 7, 2, 4, 11
7015F3D8-DAF3-873B-6E3D-CD8B6761313D, B180101855, 92, 2021-01-31T20:33:04, 5, 0, 8, 2, 4, 11
7015F3D8-DAF3-873B-6E3D-CD8B6761313D, B180101855, 93, 2021-01-31T20:35:04, 5, 0, 8, 2, 4, 11
7015F3D8-DAF3-873B-6E3D-CD8B6761313D, B180101855, 94, 2021-01-31T20:36:04, 5, 0, 7, 2, 4, 11
7015F3D8-DAF3-873B-6E3D-CD8B6761313D, B180101855, 91, 2021-01-31T20:37:04, 5, 0, 7, 2, 4, 11
7015F3D8-DAF3-873B-6E3D-CD8B6761313D, B180101855, 91, 2021-01-31T20:38:04, 5, 0, 7, 2, 4, 11
7015F3D8-DAF3-873B-6E3D-CD8B6761313D, B180101855, 0, 2021-01-31T20:40:04, 5, 0, 7, 2, 4, 11
7015F3D8-DAF3-873B-6E3D-CD8B6761313D, B180101855, 89, 2021-01-31T20:41:04, 5, 0, 7, 2, 4, 11
7015F3D8-DAF3-873B-6E3D-CD8B6761313D, B180101855, 89, 2021-01-31T20:42:04, 5, 0, 8, 2, 4, 11
7015F3D8-DAF3-873B-6E3D-CD8B6761313D, B180101855, 89, 2021-01-31T20:43:04, 5, 0, 7, 2, 4, 11
7015F3D8-DAF3-873B-6E3D-CD8B6761313D, B180101855, 89, 2021-01-31T20:44:04, 5, 0, 7, 2, 4, 11
7015F3D8-DAF3-873B-6E3D-CD8B6761313D, B180101855, 89, 2021-01-31T20:45:04, 5, 0, 8, 2, 4, 11
7015F3D8-DAF3-873B-6E3D-CD8B6761313D, B180101855, 88, 2021-01-31T20:47:04, 5, 0, 7, 2, 4, 11
7015F3D8-DAF3-873B-6E3D-CD8B6761313D, B180101855, 88, 2021-01-31T20:48:04, 5, 0, 8, 2, 4, 11
7015F3D8-DAF3-873B-6E3D-CD8B6761313D, B180101855, 88, 2021-01-31T20:50:04, 5, 0, 7, 2, 4, 11
7015F3D8-DAF3-873B-6E3D-CD8B6761313D, B180101855, 88, 2021-01-31T20:51:04, 5, 0, 7, 2, 4, 11
7015F3D8-DAF3-873B-6E3D-CD8B6761313D, B180101855, 88, 2021-01-31T20:55:04, 5, 0, 7, 2, 4, 11
7015F3D8-DAF3-873B-6E3D-CD8B6761313D, B180101855, 88, 2021-01-31T20:56:04, 5, 0, 7, 2, 4, 11
7015F3D8-DAF3-873B-6E3D-CD8B6761313D, B180101855, 88, 2021-01-31T20:57:04, 5, 0, 7, 2, 4, 11
7015F3D8-DAF3-873B-6E3D-CD8B6761313D, B180101855, 88, 2021-01-31T20:59:04, 5, 0, 7, 2, 4, 11
7015F3D8-DAF3-873B-6E3D-CD8B6761313D, B180101855, 88, 2021-01-31T21:01:04, 5, 0, 8, 2, 4, 11
7015F3D8-DAF3-873B-6E3D-CD8B6761313D, B180101855, 87, 2021-01-31T21:03:04, 5, 0, 8, 2, 4, 11
7015F3D8-DAF3-873B-6E3D-CD8B6761313D, B180101855, 87, 2021-01-31T21:05:04, 6, 0, 7, 2, 4, 11
7015F3D8-DAF3-873B-6E3D-CD8B6761313D, B180101855, 89, 2021-01-31T21:06:04, 5, 0, 7, 2, 4, 11
7015F3D8-DAF3-873B-6E3D-CD8B6761313D, B180101855, 89, 2021-01-31T21:07:04, 5, 0, 8, 2, 4, 11
7015F3D8-DAF3-873B-6E3D-CD8B6761313D, B180101855, 90, 2021-01-31T21:10:04, 5, 0, 8, 2, 4, 11
7015F3D8-DAF3-873B-6E3D-CD8B6761313D, B180101855, 89, 2021-01-31T21:11:04, 5, 0, 7, 2, 4, 11
7015F3D8-DAF3-873B-6E3D-CD8B6761313D, B180101855, 89, 2021-01-31T21:12:04, 5, 0, 7, 2, 4, 11
7015F3D8-DAF3-873B-6E3D-CD8B6761313D, B180101855, 89, 2021-01-31T21:13:04, 5, 0, 7, 2, 4, 11
7015F3D8-DAF3-873B-6E3D-CD8B6761313D, B180101855, 89, 2021-01-31T21:15:04, 5, 0, 7, 2, 4, 11
7015F3D8-DAF3-873B-6E3D-CD8B6761313D, B180101855, 88, 2021-01-31T21:16:04, 5, 0, 8, 2, 4, 11
7015F3D8-DAF3-873B-6E3D-CD8B6761313D, B180101855, 88, 2021-01-31T21:18:04, 5, 0, 7, 2, 4, 11
7015F3D8-DAF3-873B-6E3D-CD8B6761313D, B180101855, 88, 2021-01-31T21:20:04, 6, 0, 7, 2, 4, 11
7015F3D8-DAF3-873B-6E3D-CD8B6761313D, B180101855, 88, 2021-01-31T21:22:04, 5, 0, 7, 2, 4, 11
7015F3D8-DAF3-873B-6E3D-CD8B6761313D, B180101855, 88, 2021-01-31T21:23:04, 5, 0, 8, 2, 4, 11
7015F3D8-DAF3-873B-6E3D-CD8B6761313D, B180101855, 88, 2021-01-31T21:24:04, 6, 0, 7, 2, 4, 11
7015F3D8-DAF3-873B-6E3D-CD8B6761313D, B180101855, 88, 2021-01-31T21:25:04, 5, 0, 8, 2, 4, 11
7015F3D8-DAF3-873B-6E3D-CD8B6761313D, B180101855, 88, 2021-01-31T21:26:04, 5, 0, 7, 2, 4, 11
7015F3D8-DAF3-873B-6E3D-CD8B6761313D, B180101855, 88, 2021-01-31T21:28:04, 5, 0, 7, 2, 4, 11
7015F3D8-DAF3-873B-6E3D-CD8B6761313D, B180101855, 88, 2021-01-31T21:29:04, 5, 0, 8, 2, 4, 11
7015F3D8-DAF3-873B-6E3D-CD8B6761313D, B180101855, 87, 2021-01-31T21:30:04, 5, 0, 7, 2, 4, 11
7015F3D8-DAF3-873B-6E3D-CD8B6761313D, B180101855, 87, 2021-01-31T21:31:04, 5, 0, 7, 2, 4, 11
7015F3D8-DAF3-873B-6E3D-CD8B6761313D, B180101855, 87, 2021-01-31T21:32:04, 5, 0, 8, 2, 4, 11
7015F3D8-DAF3-873B-6E3D-CD8B6761313D, B180101855, 87, 2021-01-31T21:34:04, 5, 0, 7, 2, 4, 11
7015F3D8-DAF3-873B-6E3D-CD8B6761313D, B180101855, 91, 2021-01-31T21:36:04, 6, 0, 7, 2, 4, 11
7015F3D8-DAF3-873B-6E3D-CD8B6761313D, B180101855, 91, 2021-01-31T21:37:04, 5, 0, 7, 2, 4, 11
7015F3D8-DAF3-873B-6E3D-CD8B6761313D, B180101855, 92, 2021-01-31T21:38:04, 5, 0, 8, 2, 4, 11
7015F3D8-DAF3-873B-6E3D-CD8B6761313D, B180101855, 93, 2021-01-31T21:39:04, 5, 0, 7, 2, 4, 11
7015F3D8-DAF3-873B-6E3D-CD8B6761313D, B180101855, 90, 2021-01-31T21:42:04, 5, 0, 7, 2, 4, 11
7015F3D8-DAF3-873B-6E3D-CD8B6761313D, B180101855, 90, 2021-01-31T21:44:04, 6, 0, 8, 2, 4, 11
7015F3D8-DAF3-873B-6E3D-CD8B6761313D, B180101855, 89, 2021-01-31T21:45:04, 5, 0, 7, 2, 4, 11
7015F3D8-DAF3-873B-6E3D-CD8B6761313D, B180101855, 89, 2021-01-31T21:46:04, 5, 0, 7, 2, 4, 11
7015F3D8-DAF3-873B-6E3D-CD8B6761313D, B180101855, 89, 2021-01-31T21:48:04, 5, 0, 7, 2, 4, 11
7015F3D8-DAF3-873B-6E3D-CD8B6761313D, B180101855, 89, 2021-01-31T21:50:04, 6, 0, 8, 2, 4, 11
7015F3D8-DAF3-873B-6E3D-CD8B6761313D, B180101855, 89, 2021-01-31T21:52:04, 5, 0, 7, 2, 4, 11
7015F3D8-DAF3-873B-6E3D-CD8B6761313D, B180101855, 89, 2021-01-31T21:53:04, 5, 0, 8, 2, 4, 11
7015F3D8-DAF3-873B-6E3D-CD8B6761313D, B180101855, 89, 2021-01-31T21:54:04, 6, 0, 7, 2, 4, 11
7015F3D8-DAF3-873B-6E3D-CD8B6761313D, B180101855, 89, 2021-01-31T21:56:04, 5, 0, 8, 2, 4, 11
7015F3D8-DAF3-873B-6E3D-CD8B6761313D, B180101855, 88, 2021-01-31T21:57:04, 5, 0, 7, 2, 4, 11
7015F3D8-DAF3-873B-6E3D-CD8B6761313D, B180101855, 88, 2021-01-31T21:58:04, 5, 0, 7, 2, 4, 11
7015F3D8-DAF3-873B-6E3D-CD8B6761313D, B180101855, 88, 2021-01-31T22:00:36, 6, 0, 8, 2, 4, 11
7015F3D8-DAF3-873B-6E3D-CD8B6761313D, B180101855, 88, 2021-01-31T22:01:36, 5, 0, 7, 2, 4, 11
7015F3D8-DAF3-873B-6E3D-CD8B6761313D, B180101855, 88, 2021-01-31T22:02:36, 6, 0, 8, 2, 4, 11
7015F3D8-DAF3-873B-6E3D-CD8B6761313D, B180101855, 88, 2021-01-31T22:03:36, 6, 0, 7, 2, 4, 11
7015F3D8-DAF3-873B-6E3D-CD8B6761313D, B180101855, 88, 2021-01-31T22:04:36, 5, 0, 7, 2, 4, 11
7015F3D8-DAF3-873B-6E3D-CD8B6761313D, B180101855, 88, 2021-01-31T22:05:36, 6, 0, 7, 2, 4, 11
7015F3D8-DAF3-873B-6E3D-CD8B6761313D, B180101855, 88, 2021-01-31T22:06:36, 6, 0, 8, 2, 4, 11
7015F3D8-DAF3-873B-6E3D-CD8B6761313D, B180101855, 88, 2021-01-31T22:08:36, 6, 0, 7, 2, 4, 11
7015F3D8-DAF3-873B-6E3D-CD8B6761313D, B180101855, 0, 2021-01-31T22:09:36, 6, 0, 8, 2, 4, 11
7015F3D8-DAF3-873B-6E3D-CD8B6761313D, B180101855, 88, 2021-01-31T22:11:36, 5, 0, 8, 2, 4, 11
7015F3D8-DAF3-873B-6E3D-CD8B6761313D, B180101855, 88, 2021-01-31T22:12:36, 6, 0, 7, 2, 4, 11
7015F3D8-DAF3-873B-6E3D-CD8B6761313D, B180101855, 88, 2021-01-31T22:13:36, 6, 0, 7, 2, 4, 11
7015F3D8-DAF3-873B-6E3D-CD8B6761313D, B180101855, 88, 2021-01-31T22:14:36, 6, 0, 7, 2, 4, 11
7015F3D8-DAF3-873B-6E3D-CD8B6761313D, B180101855, 88, 2021-01-31T22:15:36, 6, 0, 8, 2, 4, 11
7015F3D8-DAF3-873B-6E3D-CD8B6761313D, B180101855, 88, 2021-01-31T22:17:36, 6, 0, 7, 2, 4, 11
7015F3D8-DAF3-873B-6E3D-CD8B6761313D, B180101855, 88, 2021-01-31T22:19:36, 6, 0, 7, 2, 4, 11
7015F3D8-DAF3-873B-6E3D-CD8B6761313D, B180101855, 88, 2021-01-31T22:21:36, 6, 0, 7, 2, 4, 11
7015F3D8-DAF3-873B-6E3D-CD8B6761313D, B180101855, 88, 2021-01-31T22:22:36, 6, 0, 7, 2, 4, 11
7015F3D8-DAF3-873B-6E3D-CD8B6761313D, B180101855, 88, 2021-01-31T22:23:36, 6, 0, 7, 2, 4, 11
7015F3D8-DAF3-873B-6E3D-CD8B6761313D, B180101855, 88, 2021-01-31T22:24:36, 6, 0, 8, 2, 4, 11
7015F3D8-DAF3-873B-6E3D-CD8B6761313D, B180101855, 87, 2021-01-31T22:25:36, 6, 0, 7, 2, 4, 11
7015F3D8-DAF3-873B-6E3D-CD8B6761313D, B180101855, 87, 2021-01-31T22:26:36, 6, 0, 7, 2, 4, 11
7015F3D8-DAF3-873B-6E3D-CD8B6761313D, B180101855, 87, 2021-01-31T22:29:36, 6, 0, 7, 2, 4, 11
7015F3D8-DAF3-873B-6E3D-CD8B6761313D, B180101855, 87, 2021-01-31T22:31:36, 6, 0, 7, 2, 4, 11
7015F3D8-DAF3-873B-6E3D-CD8B6761313D, B180101855, 87, 2021-01-31T22:33:36, 6, 0, 8, 2, 4, 11
7015F3D8-DAF3-873B-6E3D-CD8B6761313D, B180101855, 87, 2021-01-31T22:35:36, 6, 0, 7, 2, 4, 11
7015F3D8-DAF3-873B-6E3D-CD8B6761313D, B180101855, 90, 2021-01-31T22:36:36, 6, 0, 8, 2, 4, 11
7015F3D8-DAF3-873B-6E3D-CD8B6761313D, B180101855, 92, 2021-01-31T22:37:36, 6, 0, 7, 2, 4, 11
7015F3D8-DAF3-873B-6E3D-CD8B6761313D, B180101855, 93, 2021-01-31T22:38:36, 6, 0, 7, 2, 4, 11
7015F3D8-DAF3-873B-6E3D-CD8B6761313D, B180101855, 92, 2021-01-31T22:40:36, 6, 0, 7, 2, 4, 11
7015F3D8-DAF3-873B-6E3D-CD8B6761313D, B180101855, 91, 2021-01-31T22:41:36, 6, 0, 7, 2, 4, 11
7015F3D8-DAF3-873B-6E3D-CD8B6761313D, B180101855, 91, 2021-01-31T22:42:36, 6, 0, 8, 2, 4, 11
7015F3D8-DAF3-873B-6E3D-CD8B6761313D, B180101855, 90, 2021-01-31T22:43:36, 5, 0, 7, 2, 4, 11
7015F3D8-DAF3-873B-6E3D-CD8B6761313D, B180101855, 90, 2021-01-31T22:44:36, 5, 0, 7, 2, 4, 11
7015F3D8-DAF3-873B-6E3D-CD8B6761313D, B180101855, 90, 2021-01-31T22:46:36, 5, 0, 7, 2, 4, 11
7015F3D8-DAF3-873B-6E3D-CD8B6761313D, B180101855, 90, 2021-01-31T22:47:36, 5, 0, 7, 2, 4, 11
7015F3D8-DAF3-873B-6E3D-CD8B6761313D, B180101855, 0, 2021-01-31T22:49:36, 5, 0, 8, 2, 4, 11
7015F3D8-DAF3-873B-6E3D-CD8B6761313D, B180101855, 90, 2021-01-31T22:50:36, 5, 0, 7, 2, 4, 11
7015F3D8-DAF3-873B-6E3D-CD8B6761313D, B180101855, 90, 2021-01-31T22:51:36, 5, 0, 8, 2, 4, 11
7015F3D8-DAF3-873B-6E3D-CD8B6761313D, B180101855, 90, 2021-01-31T22:52:36, 5, 0, 7, 2, 4, 11
7015F3D8-DAF3-873B-6E3D-CD8B6761313D, B180101855, 90, 2021-01-31T22:54:36, 5, 0, 7, 2, 4, 11
7015F3D8-DAF3-873B-6E3D-CD8B6761313D, B180101855, 89, 2021-01-31T22:56:36, 5, 0, 7, 2, 4, 11
7015F3D8-DAF3-873B-6E3D-CD8B6761313D, B180101855, 89, 2021-01-31T22:58:36, 5, 0, 8, 2, 4, 11
7015F3D8-DAF3-873B-6E3D-CD8B6761313D, B180101855, 89, 2021-01-31T22:59:36, 5, 0, 7, 2, 4, 11
7015F3D8-DAF3-873B-6E3D-CD8B6761313D, B180101855, 89, 2021-01-31T23:00:36, 5, 0, 7, 2, 4, 11
7015F3D8-DAF3-873B-6E3D-CD8B6761313D, B180101855, 89, 2021-01-31T23:01:36, 5, 0, 8, 2, 4, 11
7015F3D8-DAF3-873B-6E3D-CD8B6761313D, B180101855, 89, 2021-01-31T23:02:36, 5, 0, 7, 2, 4, 11
7015F3D8-DAF3-873B-6E3D-CD8B6761313D, B180101855, 89, 2021-01-31T23:05:36, 6, 0, 7, 2, 4, 11
7015F3D8-DAF3-873B-6E3D-CD8B6761313D, B180101855, 89, 2021-01-31T23:08:36, 5, 0, 8, 2, 4, 11
7015F3D8-DAF3-873B-6E3D-CD8B6761313D, B180101855, 89, 2021-01-31T23:10:36, 5, 0, 8, 2, 4, 11
7015F3D8-DAF3-873B-6E3D-CD8B6761313D, B180101855, 89, 2021-01-31T23:12:36, 4, 0, 7, 2, 4, 11
7015F3D8-DAF3-873B-6E3D-CD8B6761313D, B180101855, 89, 2021-01-31T23:15:36, 4, 0, 7, 2, 4, 11
7015F3D8-DAF3-873B-6E3D-CD8B6761313D, B180101855, 89, 2021-01-31T23:16:36, 4, 0, 7, 2, 4, 11
7015F3D8-DAF3-873B-6E3D-CD8B6761313D, B180101855, 89, 2021-01-31T23:18:36, 4, 0, 7, 2, 4, 11
7015F3D8-DAF3-873B-6E3D-CD8B6761313D, B180101855, 88, 2021-01-31T23:21:36, 4, 0, 8, 2, 4, 11
7015F3D8-DAF3-873B-6E3D-CD8B6761313D, B180101855, 88, 2021-01-31T23:22:36, 4, 0, 7, 2, 4, 11
7015F3D8-DAF3-873B-6E3D-CD8B6761313D, B180101855, 88, 2021-01-31T23:27:36, 4, 0, 8, 2, 4, 11
7015F3D8-DAF3-873B-6E3D-CD8B6761313D, B180101855, 88, 2021-01-31T23:29:36, 4, 0, 7, 2, 4, 11
7015F3D8-DAF3-873B-6E3D-CD8B6761313D, B180101855, 88, 2021-01-31T23:32:36, 4, 0, 7, 2, 4, 11
7015F3D8-DAF3-873B-6E3D-CD8B6761313D, B180101855, 88, 2021-01-31T23:36:36, 4, 0, 7, 2, 4, 11
7015F3D8-DAF3-873B-6E3D-CD8B6761313D, B180101855, 88, 2021-01-31T23:37:36, 4, 0, 8, 2, 4, 11
7015F3D8-DAF3-873B-6E3D-CD8B6761313D, B180101855, 88, 2021-01-31T23:39:36, 4, 0, 7, 2, 4, 11
7015F3D8-DAF3-873B-6E3D-CD8B6761313D, B180101855, 88, 2021-01-31T23:40:36, 4, 0, 7, 2, 4, 11
7015F3D8-DAF3-873B-6E3D-CD8B6761313D, B180101855, 88, 2021-01-31T23:42:36, 4, 0, 7, 2, 4, 11
7015F3D8-DAF3-873B-6E3D-CD8B6761313D, B180101855, 88, 2021-01-31T23:44:36, 4, 0, 8, 2, 4, 11
7015F3D8-DAF3-873B-6E3D-CD8B6761313D, B180101855, 88, 2021-01-31T23:45:36, 4, 0, 7, 2, 4, 11
7015F3D8-DAF3-873B-6E3D-CD8B6761313D, B180101855, 88, 2021-01-31T23:47:36, 4, 0, 8, 2, 4, 11
7015F3D8-DAF3-873B-6E3D-CD8B6761313D, B180101855, 88, 2021-01-31T23:48:36, 4, 0, 7, 2, 4, 11
7015F3D8-DAF3-873B-6E3D-CD8B6761313D, B180101855, 88, 2021-01-31T23:50:36, 4, 0, 7, 2, 4, 11
7015F3D8-DAF3-873B-6E3D-CD8B6761313D, B180101855, 88, 2021-01-31T23:51:36, 4, 0, 8, 2, 4, 11
7015F3D8-DAF3-873B-6E3D-CD8B6761313D, B180101855, 88, 2021-01-31T23:52:36, 4, 0, 7, 2, 4, 11
7015F3D8-DAF3-873B-6E3D-CD8B6761313D, B180101855, 88, 2021-01-31T23:54:36, 3, 0, 8, 2, 4, 11
7015F3D8-DAF3-873B-6E3D-CD8B6761313D, B180101855, 88, 2021-01-31T23:55:36, 4, 0, 7, 2, 4, 11
7015F3D8-DAF3-873B-6E3D-CD8B6761313D, B180101855, 88, 2021-01-31T23:57:36, 3, 0, 7, 2, 4, 11
7015F3D8-DAF3-873B-6E3D-CD8B6761313D, B180101855, 87, 2021-01-31T23:58:36, 4, 0, 8, 2, 4, 11
7015F3D8-DAF3-873B-6E3D-CD8B6761313D, B180101855, 87, 2021-01-31T23:59:36, 3, 0, 7, 2, 4, 11
7015F3D8-DAF3-873B-6E3D-CD8B6761313D, B180101855, 87, 2021-02-01T00:00:04, 3, 0, 6, 2, 4, 11
7015F3D8-DAF3-873B-6E3D-CD8B6761313D, B180101855, 87, 2021-02-01T00:02:04, 3, 0, 7, 2, 4, 11
7015F3D8-DAF3-873B-6E3D-CD8B6761313D, B180101855, 87, 2021-02-01T00:03:04, 4, 0, 7, 2, 4, 11
7015F3D8-DAF3-873B-6E3D-CD8B6761313D, B180101855, 87, 2021-02-01T00:09:04, 3, 0, 7, 2, 4, 11
7015F3D8-DAF3-873B-6E3D-CD8B6761313D, B180101855, 90, 2021-02-01T00:10:04, 3, 0, 7, 2, 4, 11
7015F3D8-DAF3-873B-6E3D-CD8B6761313D, B180101855, 93, 2021-02-01T00:13:04, 3, 0, 7, 2, 4, 11
7015F3D8-DAF3-873B-6E3D-CD8B6761313D, B180101855, 91, 2021-02-01T00:14:04, 3, 0, 7, 2, 4, 11
7015F3D8-DAF3-873B-6E3D-CD8B6761313D, B180101855, 90, 2021-02-01T00:15:04, 3, 0, 8, 2, 4, 11
7015F3D8-DAF3-873B-6E3D-CD8B6761313D, B180101855, 90, 2021-02-01T00:17:04, 3, 0, 7, 2, 4, 11
7015F3D8-DAF3-873B-6E3D-CD8B6761313D, B180101855, 90, 2021-02-01T00:18:04, 3, 0, 8, 2, 4, 11
7015F3D8-DAF3-873B-6E3D-CD8B6761313D, B180101855, 89, 2021-02-01T00:20:04, 3, 0, 7, 2, 4, 11
7015F3D8-DAF3-873B-6E3D-CD8B6761313D, B180101855, 89, 2021-02-01T00:22:04, 3, 0, 8, 2, 4, 11
7015F3D8-DAF3-873B-6E3D-CD8B6761313D, B180101855, 89, 2021-02-01T00:24:04, 3, 0, 7, 2, 4, 11
7015F3D8-DAF3-873B-6E3D-CD8B6761313D, B180101855, 89, 2021-02-01T00:25:04, 3, 0, 8, 2, 4, 11
7015F3D8-DAF3-873B-6E3D-CD8B6761313D, B180101855, 89, 2021-02-01T00:26:04, 3, 0, 7, 2, 4, 11
7015F3D8-DAF3-873B-6E3D-CD8B6761313D, B180101855, 89, 2021-02-01T00:28:04, 3, 0, 7, 2, 4, 11
7015F3D8-DAF3-873B-6E3D-CD8B6761313D, B180101855, 89, 2021-02-01T00:30:04, 3, 0, 7, 2, 4, 11
7015F3D8-DAF3-873B-6E3D-CD8B6761313D, B180101855, 89, 2021-02-01T00:32:04, 3, 0, 8, 2, 4, 11
7015F3D8-DAF3-873B-6E3D-CD8B6761313D, B180101855, 89, 2021-02-01T00:33:04, 3, 0, 7, 2, 4, 11
7015F3D8-DAF3-873B-6E3D-CD8B6761313D, B180101855, 89, 2021-02-01T00:35:04, 3, 0, 7, 2, 4, 11
7015F3D8-DAF3-873B-6E3D-CD8B6761313D, B180101855, 89, 2021-02-01T00:38:04, 3, 0, 7, 2, 4, 11
7015F3D8-DAF3-873B-6E3D-CD8B6761313D, B180101855, 89, 2021-02-01T00:39:04, 3, 0, 7, 2, 4, 11
7015F3D8-DAF3-873B-6E3D-CD8B6761313D, B180101855, 89, 2021-02-01T00:40:04, 2, 0, 8, 2, 4, 11
7015F3D8-DAF3-873B-6E3D-CD8B6761313D, B180101855, 89, 2021-02-01T00:42:04, 3, 0, 7, 2, 4, 11
7015F3D8-DAF3-873B-6E3D-CD8B6761313D, B180101855, 89, 2021-02-01T00:43:04, 3, 0, 8, 2, 4, 11
7015F3D8-DAF3-873B-6E3D-CD8B6761313D, B180101855, 88, 2021-02-01T00:44:04, 3, 0, 7, 2, 4, 11
7015F3D8-DAF3-873B-6E3D-CD8B6761313D, B180101855, 88, 2021-02-01T00:46:04, 2, 0, 8, 2, 4, 11
7015F3D8-DAF3-873B-6E3D-CD8B6761313D, B180101855, 88, 2021-02-01T00:47:04, 2, 0, 7, 2, 4, 11
7015F3D8-DAF3-873B-6E3D-CD8B6761313D, B180101855, 88, 2021-02-01T00:48:04, 3, 0, 7, 2, 4, 11
7015F3D8-DAF3-873B-6E3D-CD8B6761313D, B180101855, 88, 2021-02-01T00:50:04, 3, 0, 8, 2, 4, 11
7015F3D8-DAF3-873B-6E3D-CD8B6761313D, B180101855, 88, 2021-02-01T00:51:04, 3, 0, 7, 2, 4, 11
7015F3D8-DAF3-873B-6E3D-CD8B6761313D, B180101855, 88, 2021-02-01T00:53:04, 3, 0, 7, 2, 4, 11
7015F3D8-DAF3-873B-6E3D-CD8B6761313D, B180101855, 88, 2021-02-01T00:55:04, 2, 0, 7, 2, 4, 11
7015F3D8-DAF3-873B-6E3D-CD8B6761313D, B180101855, 88, 2021-02-01T00:56:04, 2, 0, 7, 2, 4, 11
7015F3D8-DAF3-873B-6E3D-CD8B6761313D, B180101855, 88, 2021-02-01T00:58:04, 2, 0, 8, 2, 4, 11
