Device, Measure Date Time, Exist
62D54C7D-9783-4C74-9C2E-0A160C312F22, 2021-04-16T01:00:22, true
62D54C7D-9783-4C74-9C2E-0A160C312F22, 2021-04-16T01:01:22, false
62D54C7D-9783-4C74-9C2E-0A160C312F22, 2021-04-16T01:02:22, false
62D54C7D-9783-4C74-9C2E-0A160C312F22, 2021-04-16T01:03:22, false
62D54C7D-9783-4C74-9C2E-0A160C312F22, 2021-04-16T01:04:22, false
62D54C7D-9783-4C74-9C2E-0A160C312F22, 2021-04-16T01:05:22, false
62D54C7D-9783-4C74-9C2E-0A160C312F22, 2021-04-16T01:06:22, false
62D54C7D-9783-4C74-9C2E-0A160C312F22, 2021-04-16T01:07:22, false
62D54C7D-9783-4C74-9C2E-0A160C312F22, 2021-04-16T01:08:22, false
62D54C7D-9783-4C74-9C2E-0A160C312F22, 2021-04-16T01:09:22, false
62D54C7D-9783-4C74-9C2E-0A160C312F22, 2021-04-16T01:10:22, false
62D54C7D-9783-4C74-9C2E-0A160C312F22, 2021-04-16T01:11:22, false
62D54C7D-9783-4C74-9C2E-0A160C312F22, 2021-04-16T01:12:22, false
62D54C7D-9783-4C74-9C2E-0A160C312F22, 2021-04-16T01:13:22, false
62D54C7D-9783-4C74-9C2E-0A160C312F22, 2021-04-16T01:14:22, false
62D54C7D-9783-4C74-9C2E-0A160C312F22, 2021-04-16T01:15:22, false
62D54C7D-9783-4C74-9C2E-0A160C312F22, 2021-04-16T01:16:22, false
62D54C7D-9783-4C74-9C2E-0A160C312F22, 2021-04-16T01:17:22, false
62D54C7D-9783-4C74-9C2E-0A160C312F22, 2021-04-16T01:18:22, false
62D54C7D-9783-4C74-9C2E-0A160C312F22, 2021-04-16T01:19:22, false
62D54C7D-9783-4C74-9C2E-0A160C312F22, 2021-04-16T01:20:22, false
62D54C7D-9783-4C74-9C2E-0A160C312F22, 2021-04-16T01:21:22, false
62D54C7D-9783-4C74-9C2E-0A160C312F22, 2021-04-16T01:22:22, false
62D54C7D-9783-4C74-9C2E-0A160C312F22, 2021-04-16T01:23:22, false
62D54C7D-9783-4C74-9C2E-0A160C312F22, 2021-04-16T01:24:22, false
62D54C7D-9783-4C74-9C2E-0A160C312F22, 2021-04-16T01:25:22, false
62D54C7D-9783-4C74-9C2E-0A160C312F22, 2021-04-16T01:26:22, false
62D54C7D-9783-4C74-9C2E-0A160C312F22, 2021-04-16T01:27:22, false
62D54C7D-9783-4C74-9C2E-0A160C312F22, 2021-04-16T01:28:22, false
62D54C7D-9783-4C74-9C2E-0A160C312F22, 2021-04-16T01:29:22, false
62D54C7D-9783-4C74-9C2E-0A160C312F22, 2021-04-16T01:30:22, false
62D54C7D-9783-4C74-9C2E-0A160C312F22, 2021-04-16T01:31:22, false
62D54C7D-9783-4C74-9C2E-0A160C312F22, 2021-04-16T01:32:22, false
62D54C7D-9783-4C74-9C2E-0A160C312F22, 2021-04-16T01:33:22, false
62D54C7D-9783-4C74-9C2E-0A160C312F22, 2021-04-16T01:34:22, false
62D54C7D-9783-4C74-9C2E-0A160C312F22, 2021-04-16T01:35:22, false
62D54C7D-9783-4C74-9C2E-0A160C312F22, 2021-04-16T01:36:22, false
62D54C7D-9783-4C74-9C2E-0A160C312F22, 2021-04-16T01:37:22, false
62D54C7D-9783-4C74-9C2E-0A160C312F22, 2021-04-16T01:38:22, false
62D54C7D-9783-4C74-9C2E-0A160C312F22, 2021-04-16T01:39:22, false
62D54C7D-9783-4C74-9C2E-0A160C312F22, 2021-04-16T01:40:22, false
62D54C7D-9783-4C74-9C2E-0A160C312F22, 2021-04-16T01:41:22, false
62D54C7D-9783-4C74-9C2E-0A160C312F22, 2021-04-16T01:42:22, false
62D54C7D-9783-4C74-9C2E-0A160C312F22, 2021-04-16T01:43:22, false
62D54C7D-9783-4C74-9C2E-0A160C312F22, 2021-04-16T01:44:22, false
62D54C7D-9783-4C74-9C2E-0A160C312F22, 2021-04-16T01:45:22, false
62D54C7D-9783-4C74-9C2E-0A160C312F22, 2021-04-16T01:46:22, false
62D54C7D-9783-4C74-9C2E-0A160C312F22, 2021-04-16T01:47:22, false
62D54C7D-9783-4C74-9C2E-0A160C312F22, 2021-04-16T01:48:22, false
62D54C7D-9783-4C74-9C2E-0A160C312F22, 2021-04-16T01:49:22, false
62D54C7D-9783-4C74-9C2E-0A160C312F22, 2021-04-16T01:50:22, false
62D54C7D-9783-4C74-9C2E-0A160C312F22, 2021-04-16T01:51:22, false
62D54C7D-9783-4C74-9C2E-0A160C312F22, 2021-04-16T01:52:22, false
62D54C7D-9783-4C74-9C2E-0A160C312F22, 2021-04-16T01:53:22, false
62D54C7D-9783-4C74-9C2E-0A160C312F22, 2021-04-16T01:54:22, false
62D54C7D-9783-4C74-9C2E-0A160C312F22, 2021-04-16T01:55:22, false
62D54C7D-9783-4C74-9C2E-0A160C312F22, 2021-04-16T01:56:22, false
62D54C7D-9783-4C74-9C2E-0A160C312F22, 2021-04-16T01:57:22, false
62D54C7D-9783-4C74-9C2E-0A160C312F22, 2021-04-16T01:58:22, false
62D54C7D-9783-4C74-9C2E-0A160C312F22, 2021-04-16T01:59:22, false
62D54C7D-9783-4C74-9C2E-0A160C312F22, 2021-04-16T02:00:22, false
62D54C7D-9783-4C74-9C2E-0A160C312F22, 2021-04-16T02:01:22, false
62D54C7D-9783-4C74-9C2E-0A160C312F22, 2021-04-16T02:02:22, false
62D54C7D-9783-4C74-9C2E-0A160C312F22, 2021-04-16T02:03:22, false
62D54C7D-9783-4C74-9C2E-0A160C312F22, 2021-04-16T02:04:22, false
62D54C7D-9783-4C74-9C2E-0A160C312F22, 2021-04-16T02:05:22, false
62D54C7D-9783-4C74-9C2E-0A160C312F22, 2021-04-16T02:06:22, false
62D54C7D-9783-4C74-9C2E-0A160C312F22, 2021-04-16T02:07:22, false
62D54C7D-9783-4C74-9C2E-0A160C312F22, 2021-04-16T02:08:22, false
62D54C7D-9783-4C74-9C2E-0A160C312F22, 2021-04-16T02:09:22, false
62D54C7D-9783-4C74-9C2E-0A160C312F22, 2021-04-16T02:10:22, false
62D54C7D-9783-4C74-9C2E-0A160C312F22, 2021-04-16T02:11:22, false
62D54C7D-9783-4C74-9C2E-0A160C312F22, 2021-04-16T02:12:22, false
62D54C7D-9783-4C74-9C2E-0A160C312F22, 2021-04-16T02:13:22, false
62D54C7D-9783-4C74-9C2E-0A160C312F22, 2021-04-16T02:14:22, false
62D54C7D-9783-4C74-9C2E-0A160C312F22, 2021-04-16T02:15:22, false
62D54C7D-9783-4C74-9C2E-0A160C312F22, 2021-04-16T02:16:22, false
62D54C7D-9783-4C74-9C2E-0A160C312F22, 2021-04-16T02:17:22, false
62D54C7D-9783-4C74-9C2E-0A160C312F22, 2021-04-16T02:18:22, false
62D54C7D-9783-4C74-9C2E-0A160C312F22, 2021-04-16T02:19:22, false
62D54C7D-9783-4C74-9C2E-0A160C312F22, 2021-04-16T02:20:22, false
62D54C7D-9783-4C74-9C2E-0A160C312F22, 2021-04-16T02:21:22, false
62D54C7D-9783-4C74-9C2E-0A160C312F22, 2021-04-16T02:22:22, false
62D54C7D-9783-4C74-9C2E-0A160C312F22, 2021-04-16T02:23:22, false
62D54C7D-9783-4C74-9C2E-0A160C312F22, 2021-04-16T02:24:22, false
62D54C7D-9783-4C74-9C2E-0A160C312F22, 2021-04-16T02:25:22, false
62D54C7D-9783-4C74-9C2E-0A160C312F22, 2021-04-16T02:26:22, false
62D54C7D-9783-4C74-9C2E-0A160C312F22, 2021-04-16T02:27:22, false
62D54C7D-9783-4C74-9C2E-0A160C312F22, 2021-04-16T02:28:22, false
62D54C7D-9783-4C74-9C2E-0A160C312F22, 2021-04-16T02:29:22, false
62D54C7D-9783-4C74-9C2E-0A160C312F22, 2021-04-16T02:30:22, false
62D54C7D-9783-4C74-9C2E-0A160C312F22, 2021-04-16T02:31:22, false
62D54C7D-9783-4C74-9C2E-0A160C312F22, 2021-04-16T02:32:22, false
62D54C7D-9783-4C74-9C2E-0A160C312F22, 2021-04-16T02:33:22, false
62D54C7D-9783-4C74-9C2E-0A160C312F22, 2021-04-16T02:34:22, false
62D54C7D-9783-4C74-9C2E-0A160C312F22, 2021-04-16T02:35:22, false
62D54C7D-9783-4C74-9C2E-0A160C312F22, 2021-04-16T02:36:22, false
62D54C7D-9783-4C74-9C2E-0A160C312F22, 2021-04-16T02:37:22, false
62D54C7D-9783-4C74-9C2E-0A160C312F22, 2021-04-16T02:38:22, false
62D54C7D-9783-4C74-9C2E-0A160C312F22, 2021-04-16T02:39:22, false
62D54C7D-9783-4C74-9C2E-0A160C312F22, 2021-04-16T02:40:22, false
62D54C7D-9783-4C74-9C2E-0A160C312F22, 2021-04-16T02:41:22, false
62D54C7D-9783-4C74-9C2E-0A160C312F22, 2021-04-16T02:42:22, false
62D54C7D-9783-4C74-9C2E-0A160C312F22, 2021-04-16T02:43:22, false
62D54C7D-9783-4C74-9C2E-0A160C312F22, 2021-04-16T02:44:22, false
62D54C7D-9783-4C74-9C2E-0A160C312F22, 2021-04-16T02:45:22, false
62D54C7D-9783-4C74-9C2E-0A160C312F22, 2021-04-16T02:46:22, false
62D54C7D-9783-4C74-9C2E-0A160C312F22, 2021-04-16T02:47:22, false
62D54C7D-9783-4C74-9C2E-0A160C312F22, 2021-04-16T02:48:22, false
62D54C7D-9783-4C74-9C2E-0A160C312F22, 2021-04-16T02:49:22, false
62D54C7D-9783-4C74-9C2E-0A160C312F22, 2021-04-16T02:50:22, false
62D54C7D-9783-4C74-9C2E-0A160C312F22, 2021-04-16T02:51:22, false
62D54C7D-9783-4C74-9C2E-0A160C312F22, 2021-04-16T02:52:22, false
62D54C7D-9783-4C74-9C2E-0A160C312F22, 2021-04-16T02:53:22, false
62D54C7D-9783-4C74-9C2E-0A160C312F22, 2021-04-16T02:54:22, false
62D54C7D-9783-4C74-9C2E-0A160C312F22, 2021-04-16T02:55:22, false
62D54C7D-9783-4C74-9C2E-0A160C312F22, 2021-04-16T02:56:22, false
62D54C7D-9783-4C74-9C2E-0A160C312F22, 2021-04-16T02:57:22, false
62D54C7D-9783-4C74-9C2E-0A160C312F22, 2021-04-16T02:58:22, false
62D54C7D-9783-4C74-9C2E-0A160C312F22, 2021-04-16T02:59:22, false
62D54C7D-9783-4C74-9C2E-0A160C312F22, 2021-04-16T03:00:22, false
62D54C7D-9783-4C74-9C2E-0A160C312F22, 2021-04-16T03:01:22, false
62D54C7D-9783-4C74-9C2E-0A160C312F22, 2021-04-16T03:02:22, false
62D54C7D-9783-4C74-9C2E-0A160C312F22, 2021-04-16T03:03:22, false
62D54C7D-9783-4C74-9C2E-0A160C312F22, 2021-04-16T03:04:22, false
62D54C7D-9783-4C74-9C2E-0A160C312F22, 2021-04-16T03:05:22, false
62D54C7D-9783-4C74-9C2E-0A160C312F22, 2021-04-16T03:06:22, false
62D54C7D-9783-4C74-9C2E-0A160C312F22, 2021-04-16T03:07:22, false
62D54C7D-9783-4C74-9C2E-0A160C312F22, 2021-04-16T03:08:22, false
62D54C7D-9783-4C74-9C2E-0A160C312F22, 2021-04-16T03:09:22, false
62D54C7D-9783-4C74-9C2E-0A160C312F22, 2021-04-16T03:10:22, false
62D54C7D-9783-4C74-9C2E-0A160C312F22, 2021-04-16T03:11:22, false
62D54C7D-9783-4C74-9C2E-0A160C312F22, 2021-04-16T03:12:22, false
62D54C7D-9783-4C74-9C2E-0A160C312F22, 2021-04-16T03:13:22, false
62D54C7D-9783-4C74-9C2E-0A160C312F22, 2021-04-16T03:14:22, false
62D54C7D-9783-4C74-9C2E-0A160C312F22, 2021-04-16T03:15:22, false
62D54C7D-9783-4C74-9C2E-0A160C312F22, 2021-04-16T03:16:22, false
62D54C7D-9783-4C74-9C2E-0A160C312F22, 2021-04-16T03:17:22, false
62D54C7D-9783-4C74-9C2E-0A160C312F22, 2021-04-16T03:18:22, false
62D54C7D-9783-4C74-9C2E-0A160C312F22, 2021-04-16T03:19:22, false
62D54C7D-9783-4C74-9C2E-0A160C312F22, 2021-04-16T03:20:22, false
62D54C7D-9783-4C74-9C2E-0A160C312F22, 2021-04-16T03:21:22, false
62D54C7D-9783-4C74-9C2E-0A160C312F22, 2021-04-16T03:22:22, false
62D54C7D-9783-4C74-9C2E-0A160C312F22, 2021-04-16T03:23:22, false
62D54C7D-9783-4C74-9C2E-0A160C312F22, 2021-04-16T03:24:22, false
62D54C7D-9783-4C74-9C2E-0A160C312F22, 2021-04-16T03:25:22, false
62D54C7D-9783-4C74-9C2E-0A160C312F22, 2021-04-16T03:26:22, false
62D54C7D-9783-4C74-9C2E-0A160C312F22, 2021-04-16T03:27:22, false
62D54C7D-9783-4C74-9C2E-0A160C312F22, 2021-04-16T03:28:22, false
62D54C7D-9783-4C74-9C2E-0A160C312F22, 2021-04-16T03:29:22, false
62D54C7D-9783-4C74-9C2E-0A160C312F22, 2021-04-16T03:30:22, false
62D54C7D-9783-4C74-9C2E-0A160C312F22, 2021-04-16T03:31:22, false
62D54C7D-9783-4C74-9C2E-0A160C312F22, 2021-04-16T03:32:22, false
62D54C7D-9783-4C74-9C2E-0A160C312F22, 2021-04-16T03:33:22, false
62D54C7D-9783-4C74-9C2E-0A160C312F22, 2021-04-16T03:34:22, false
62D54C7D-9783-4C74-9C2E-0A160C312F22, 2021-04-16T03:35:22, false
62D54C7D-9783-4C74-9C2E-0A160C312F22, 2021-04-16T03:36:22, false
62D54C7D-9783-4C74-9C2E-0A160C312F22, 2021-04-16T03:37:22, false
62D54C7D-9783-4C74-9C2E-0A160C312F22, 2021-04-16T03:38:22, false
62D54C7D-9783-4C74-9C2E-0A160C312F22, 2021-04-16T03:39:22, false
62D54C7D-9783-4C74-9C2E-0A160C312F22, 2021-04-16T03:40:22, false
62D54C7D-9783-4C74-9C2E-0A160C312F22, 2021-04-16T03:41:22, false
62D54C7D-9783-4C74-9C2E-0A160C312F22, 2021-04-16T03:42:22, false
62D54C7D-9783-4C74-9C2E-0A160C312F22, 2021-04-16T03:43:22, false
62D54C7D-9783-4C74-9C2E-0A160C312F22, 2021-04-16T03:44:22, false
62D54C7D-9783-4C74-9C2E-0A160C312F22, 2021-04-16T03:45:22, false
62D54C7D-9783-4C74-9C2E-0A160C312F22, 2021-04-16T03:46:22, false
62D54C7D-9783-4C74-9C2E-0A160C312F22, 2021-04-16T03:47:22, false
62D54C7D-9783-4C74-9C2E-0A160C312F22, 2021-04-16T03:48:22, false
62D54C7D-9783-4C74-9C2E-0A160C312F22, 2021-04-16T03:49:22, false
62D54C7D-9783-4C74-9C2E-0A160C312F22, 2021-04-16T03:50:22, false
62D54C7D-9783-4C74-9C2E-0A160C312F22, 2021-04-16T03:51:22, false
62D54C7D-9783-4C74-9C2E-0A160C312F22, 2021-04-16T03:52:22, false
62D54C7D-9783-4C74-9C2E-0A160C312F22, 2021-04-16T03:53:22, false
62D54C7D-9783-4C74-9C2E-0A160C312F22, 2021-04-16T03:54:22, false
62D54C7D-9783-4C74-9C2E-0A160C312F22, 2021-04-16T03:55:22, false
62D54C7D-9783-4C74-9C2E-0A160C312F22, 2021-04-16T03:56:22, false
62D54C7D-9783-4C74-9C2E-0A160C312F22, 2021-04-16T03:57:22, false
62D54C7D-9783-4C74-9C2E-0A160C312F22, 2021-04-16T03:58:22, false
62D54C7D-9783-4C74-9C2E-0A160C312F22, 2021-04-16T03:59:22, false
62D54C7D-9783-4C74-9C2E-0A160C312F22, 2021-04-16T04:00:22, false
62D54C7D-9783-4C74-9C2E-0A160C312F22, 2021-04-16T04:01:22, false
62D54C7D-9783-4C74-9C2E-0A160C312F22, 2021-04-16T04:02:22, false
62D54C7D-9783-4C74-9C2E-0A160C312F22, 2021-04-16T04:03:22, false
62D54C7D-9783-4C74-9C2E-0A160C312F22, 2021-04-16T04:04:22, false
62D54C7D-9783-4C74-9C2E-0A160C312F22, 2021-04-16T04:05:22, false
62D54C7D-9783-4C74-9C2E-0A160C312F22, 2021-04-16T04:06:22, false
62D54C7D-9783-4C74-9C2E-0A160C312F22, 2021-04-16T04:07:22, false
62D54C7D-9783-4C74-9C2E-0A160C312F22, 2021-04-16T04:08:22, false
62D54C7D-9783-4C74-9C2E-0A160C312F22, 2021-04-16T04:09:22, false
62D54C7D-9783-4C74-9C2E-0A160C312F22, 2021-04-16T04:10:22, false
62D54C7D-9783-4C74-9C2E-0A160C312F22, 2021-04-16T04:11:22, false
62D54C7D-9783-4C74-9C2E-0A160C312F22, 2021-04-16T04:12:22, false
62D54C7D-9783-4C74-9C2E-0A160C312F22, 2021-04-16T04:13:22, false
62D54C7D-9783-4C74-9C2E-0A160C312F22, 2021-04-16T04:14:22, false
62D54C7D-9783-4C74-9C2E-0A160C312F22, 2021-04-16T04:15:22, false
62D54C7D-9783-4C74-9C2E-0A160C312F22, 2021-04-16T04:16:22, false
62D54C7D-9783-4C74-9C2E-0A160C312F22, 2021-04-16T04:17:22, false
62D54C7D-9783-4C74-9C2E-0A160C312F22, 2021-04-16T04:18:22, false
62D54C7D-9783-4C74-9C2E-0A160C312F22, 2021-04-16T04:19:22, false
62D54C7D-9783-4C74-9C2E-0A160C312F22, 2021-04-16T04:20:22, false
62D54C7D-9783-4C74-9C2E-0A160C312F22, 2021-04-16T04:21:22, false
62D54C7D-9783-4C74-9C2E-0A160C312F22, 2021-04-16T04:22:22, false
62D54C7D-9783-4C74-9C2E-0A160C312F22, 2021-04-16T04:23:22, false
62D54C7D-9783-4C74-9C2E-0A160C312F22, 2021-04-16T04:24:22, false
62D54C7D-9783-4C74-9C2E-0A160C312F22, 2021-04-16T04:25:22, false
62D54C7D-9783-4C74-9C2E-0A160C312F22, 2021-04-16T04:26:22, false
62D54C7D-9783-4C74-9C2E-0A160C312F22, 2021-04-16T04:27:22, false
62D54C7D-9783-4C74-9C2E-0A160C312F22, 2021-04-16T04:28:22, false
62D54C7D-9783-4C74-9C2E-0A160C312F22, 2021-04-16T04:29:22, false
62D54C7D-9783-4C74-9C2E-0A160C312F22, 2021-04-16T04:30:22, false
62D54C7D-9783-4C74-9C2E-0A160C312F22, 2021-04-16T04:31:22, false
62D54C7D-9783-4C74-9C2E-0A160C312F22, 2021-04-16T04:32:22, false
62D54C7D-9783-4C74-9C2E-0A160C312F22, 2021-04-16T04:33:22, false
62D54C7D-9783-4C74-9C2E-0A160C312F22, 2021-04-16T04:34:22, false
62D54C7D-9783-4C74-9C2E-0A160C312F22, 2021-04-16T04:35:22, false
62D54C7D-9783-4C74-9C2E-0A160C312F22, 2021-04-16T04:36:22, false
62D54C7D-9783-4C74-9C2E-0A160C312F22, 2021-04-16T04:37:22, false
62D54C7D-9783-4C74-9C2E-0A160C312F22, 2021-04-16T04:38:22, false
62D54C7D-9783-4C74-9C2E-0A160C312F22, 2021-04-16T04:39:22, false
62D54C7D-9783-4C74-9C2E-0A160C312F22, 2021-04-16T04:40:22, false
62D54C7D-9783-4C74-9C2E-0A160C312F22, 2021-04-16T04:41:22, false
62D54C7D-9783-4C74-9C2E-0A160C312F22, 2021-04-16T04:42:22, false
62D54C7D-9783-4C74-9C2E-0A160C312F22, 2021-04-16T04:43:22, false
62D54C7D-9783-4C74-9C2E-0A160C312F22, 2021-04-16T04:44:22, false
62D54C7D-9783-4C74-9C2E-0A160C312F22, 2021-04-16T04:45:22, false
62D54C7D-9783-4C74-9C2E-0A160C312F22, 2021-04-16T04:46:22, false
62D54C7D-9783-4C74-9C2E-0A160C312F22, 2021-04-16T04:47:22, false
62D54C7D-9783-4C74-9C2E-0A160C312F22, 2021-04-16T04:48:22, false
62D54C7D-9783-4C74-9C2E-0A160C312F22, 2021-04-16T04:49:22, false
62D54C7D-9783-4C74-9C2E-0A160C312F22, 2021-04-16T04:50:22, false
62D54C7D-9783-4C74-9C2E-0A160C312F22, 2021-04-16T04:51:22, false
62D54C7D-9783-4C74-9C2E-0A160C312F22, 2021-04-16T04:52:22, false
62D54C7D-9783-4C74-9C2E-0A160C312F22, 2021-04-16T04:53:22, false
62D54C7D-9783-4C74-9C2E-0A160C312F22, 2021-04-16T04:54:22, false
62D54C7D-9783-4C74-9C2E-0A160C312F22, 2021-04-16T04:55:22, false
62D54C7D-9783-4C74-9C2E-0A160C312F22, 2021-04-16T04:56:22, false
62D54C7D-9783-4C74-9C2E-0A160C312F22, 2021-04-16T04:57:22, false
62D54C7D-9783-4C74-9C2E-0A160C312F22, 2021-04-16T04:58:22, false
62D54C7D-9783-4C74-9C2E-0A160C312F22, 2021-04-16T04:59:22, false
62D54C7D-9783-4C74-9C2E-0A160C312F22, 2021-04-16T05:00:22, false
62D54C7D-9783-4C74-9C2E-0A160C312F22, 2021-04-16T05:01:22, false
62D54C7D-9783-4C74-9C2E-0A160C312F22, 2021-04-16T05:02:22, false
62D54C7D-9783-4C74-9C2E-0A160C312F22, 2021-04-16T05:03:22, false
62D54C7D-9783-4C74-9C2E-0A160C312F22, 2021-04-16T05:04:22, false
62D54C7D-9783-4C74-9C2E-0A160C312F22, 2021-04-16T05:05:22, false
62D54C7D-9783-4C74-9C2E-0A160C312F22, 2021-04-16T05:06:22, false
62D54C7D-9783-4C74-9C2E-0A160C312F22, 2021-04-16T05:07:22, false
62D54C7D-9783-4C74-9C2E-0A160C312F22, 2021-04-16T05:08:22, false
62D54C7D-9783-4C74-9C2E-0A160C312F22, 2021-04-16T05:09:22, false
62D54C7D-9783-4C74-9C2E-0A160C312F22, 2021-04-16T05:10:22, false
62D54C7D-9783-4C74-9C2E-0A160C312F22, 2021-04-16T05:11:22, false
62D54C7D-9783-4C74-9C2E-0A160C312F22, 2021-04-16T05:12:22, false
62D54C7D-9783-4C74-9C2E-0A160C312F22, 2021-04-16T05:13:22, false
62D54C7D-9783-4C74-9C2E-0A160C312F22, 2021-04-16T05:14:22, false
62D54C7D-9783-4C74-9C2E-0A160C312F22, 2021-04-16T05:15:22, false
62D54C7D-9783-4C74-9C2E-0A160C312F22, 2021-04-16T05:16:22, false
62D54C7D-9783-4C74-9C2E-0A160C312F22, 2021-04-16T05:17:22, false
62D54C7D-9783-4C74-9C2E-0A160C312F22, 2021-04-16T05:18:22, false
62D54C7D-9783-4C74-9C2E-0A160C312F22, 2021-04-16T05:19:22, false
62D54C7D-9783-4C74-9C2E-0A160C312F22, 2021-04-16T05:20:22, false
62D54C7D-9783-4C74-9C2E-0A160C312F22, 2021-04-16T05:21:22, false
62D54C7D-9783-4C74-9C2E-0A160C312F22, 2021-04-16T05:22:22, false
62D54C7D-9783-4C74-9C2E-0A160C312F22, 2021-04-16T05:23:22, false
62D54C7D-9783-4C74-9C2E-0A160C312F22, 2021-04-16T05:24:22, false
62D54C7D-9783-4C74-9C2E-0A160C312F22, 2021-04-16T05:25:22, false
62D54C7D-9783-4C74-9C2E-0A160C312F22, 2021-04-16T05:26:22, false
62D54C7D-9783-4C74-9C2E-0A160C312F22, 2021-04-16T05:27:22, false
62D54C7D-9783-4C74-9C2E-0A160C312F22, 2021-04-16T05:28:22, false
62D54C7D-9783-4C74-9C2E-0A160C312F22, 2021-04-16T05:29:22, false
62D54C7D-9783-4C74-9C2E-0A160C312F22, 2021-04-16T05:30:22, false
62D54C7D-9783-4C74-9C2E-0A160C312F22, 2021-04-16T05:31:22, false
62D54C7D-9783-4C74-9C2E-0A160C312F22, 2021-04-16T05:32:22, false
62D54C7D-9783-4C74-9C2E-0A160C312F22, 2021-04-16T05:33:22, false
62D54C7D-9783-4C74-9C2E-0A160C312F22, 2021-04-16T05:34:22, false
62D54C7D-9783-4C74-9C2E-0A160C312F22, 2021-04-16T05:35:22, false
62D54C7D-9783-4C74-9C2E-0A160C312F22, 2021-04-16T05:36:22, false
62D54C7D-9783-4C74-9C2E-0A160C312F22, 2021-04-16T05:37:22, false
62D54C7D-9783-4C74-9C2E-0A160C312F22, 2021-04-16T05:38:22, false
62D54C7D-9783-4C74-9C2E-0A160C312F22, 2021-04-16T05:39:22, false
62D54C7D-9783-4C74-9C2E-0A160C312F22, 2021-04-16T05:40:22, false
62D54C7D-9783-4C74-9C2E-0A160C312F22, 2021-04-16T05:41:22, false
62D54C7D-9783-4C74-9C2E-0A160C312F22, 2021-04-16T05:42:22, false
62D54C7D-9783-4C74-9C2E-0A160C312F22, 2021-04-16T05:43:22, false
62D54C7D-9783-4C74-9C2E-0A160C312F22, 2021-04-16T05:44:22, false
62D54C7D-9783-4C74-9C2E-0A160C312F22, 2021-04-16T05:45:22, false
62D54C7D-9783-4C74-9C2E-0A160C312F22, 2021-04-16T05:46:22, false
62D54C7D-9783-4C74-9C2E-0A160C312F22, 2021-04-16T05:47:22, false
62D54C7D-9783-4C74-9C2E-0A160C312F22, 2021-04-16T05:48:22, false
62D54C7D-9783-4C74-9C2E-0A160C312F22, 2021-04-16T05:49:22, false
62D54C7D-9783-4C74-9C2E-0A160C312F22, 2021-04-16T05:50:22, false
62D54C7D-9783-4C74-9C2E-0A160C312F22, 2021-04-16T05:51:22, false
62D54C7D-9783-4C74-9C2E-0A160C312F22, 2021-04-16T05:52:22, false
62D54C7D-9783-4C74-9C2E-0A160C312F22, 2021-04-16T05:53:22, false
62D54C7D-9783-4C74-9C2E-0A160C312F22, 2021-04-16T05:54:22, false
62D54C7D-9783-4C74-9C2E-0A160C312F22, 2021-04-16T05:55:22, false
62D54C7D-9783-4C74-9C2E-0A160C312F22, 2021-04-16T05:56:22, false
62D54C7D-9783-4C74-9C2E-0A160C312F22, 2021-04-16T05:57:22, false
62D54C7D-9783-4C74-9C2E-0A160C312F22, 2021-04-16T05:58:22, false
62D54C7D-9783-4C74-9C2E-0A160C312F22, 2021-04-16T05:59:22, false
62D54C7D-9783-4C74-9C2E-0A160C312F22, 2021-04-16T06:00:22, false
62D54C7D-9783-4C74-9C2E-0A160C312F22, 2021-04-16T06:01:22, false
62D54C7D-9783-4C74-9C2E-0A160C312F22, 2021-04-16T06:02:22, false
62D54C7D-9783-4C74-9C2E-0A160C312F22, 2021-04-16T06:03:22, false
62D54C7D-9783-4C74-9C2E-0A160C312F22, 2021-04-16T06:04:22, false
62D54C7D-9783-4C74-9C2E-0A160C312F22, 2021-04-16T06:05:22, false
62D54C7D-9783-4C74-9C2E-0A160C312F22, 2021-04-16T06:06:22, false
62D54C7D-9783-4C74-9C2E-0A160C312F22, 2021-04-16T06:07:22, false
62D54C7D-9783-4C74-9C2E-0A160C312F22, 2021-04-16T06:08:22, false
62D54C7D-9783-4C74-9C2E-0A160C312F22, 2021-04-16T06:09:22, false
62D54C7D-9783-4C74-9C2E-0A160C312F22, 2021-04-16T06:10:22, false
62D54C7D-9783-4C74-9C2E-0A160C312F22, 2021-04-16T06:11:22, false
62D54C7D-9783-4C74-9C2E-0A160C312F22, 2021-04-16T06:12:22, false
62D54C7D-9783-4C74-9C2E-0A160C312F22, 2021-04-16T06:13:22, false
62D54C7D-9783-4C74-9C2E-0A160C312F22, 2021-04-16T06:14:22, false
62D54C7D-9783-4C74-9C2E-0A160C312F22, 2021-04-16T06:15:22, false
62D54C7D-9783-4C74-9C2E-0A160C312F22, 2021-04-16T06:16:22, false
62D54C7D-9783-4C74-9C2E-0A160C312F22, 2021-04-16T06:17:22, false
62D54C7D-9783-4C74-9C2E-0A160C312F22, 2021-04-16T06:18:22, false
62D54C7D-9783-4C74-9C2E-0A160C312F22, 2021-04-16T06:19:22, false
62D54C7D-9783-4C74-9C2E-0A160C312F22, 2021-04-16T06:20:22, false
62D54C7D-9783-4C74-9C2E-0A160C312F22, 2021-04-16T06:21:22, false
62D54C7D-9783-4C74-9C2E-0A160C312F22, 2021-04-16T06:22:22, false
62D54C7D-9783-4C74-9C2E-0A160C312F22, 2021-04-16T06:23:22, false
62D54C7D-9783-4C74-9C2E-0A160C312F22, 2021-04-16T06:24:22, false
62D54C7D-9783-4C74-9C2E-0A160C312F22, 2021-04-16T06:25:22, false
62D54C7D-9783-4C74-9C2E-0A160C312F22, 2021-04-16T06:26:22, false
62D54C7D-9783-4C74-9C2E-0A160C312F22, 2021-04-16T06:27:22, false
62D54C7D-9783-4C74-9C2E-0A160C312F22, 2021-04-16T06:28:22, false
62D54C7D-9783-4C74-9C2E-0A160C312F22, 2021-04-16T06:29:22, false
62D54C7D-9783-4C74-9C2E-0A160C312F22, 2021-04-16T06:30:22, false
62D54C7D-9783-4C74-9C2E-0A160C312F22, 2021-04-16T06:31:22, false
62D54C7D-9783-4C74-9C2E-0A160C312F22, 2021-04-16T06:32:22, false
62D54C7D-9783-4C74-9C2E-0A160C312F22, 2021-04-16T06:33:22, false
62D54C7D-9783-4C74-9C2E-0A160C312F22, 2021-04-16T06:34:22, false
62D54C7D-9783-4C74-9C2E-0A160C312F22, 2021-04-16T06:35:22, false
62D54C7D-9783-4C74-9C2E-0A160C312F22, 2021-04-16T06:36:22, false
62D54C7D-9783-4C74-9C2E-0A160C312F22, 2021-04-16T06:37:22, false
62D54C7D-9783-4C74-9C2E-0A160C312F22, 2021-04-16T06:38:22, false
62D54C7D-9783-4C74-9C2E-0A160C312F22, 2021-04-16T06:39:22, false
62D54C7D-9783-4C74-9C2E-0A160C312F22, 2021-04-16T06:40:22, false
62D54C7D-9783-4C74-9C2E-0A160C312F22, 2021-04-16T06:41:22, false
62D54C7D-9783-4C74-9C2E-0A160C312F22, 2021-04-16T06:42:22, false
62D54C7D-9783-4C74-9C2E-0A160C312F22, 2021-04-16T06:43:22, false
62D54C7D-9783-4C74-9C2E-0A160C312F22, 2021-04-16T06:44:22, false
62D54C7D-9783-4C74-9C2E-0A160C312F22, 2021-04-16T06:45:22, false
62D54C7D-9783-4C74-9C2E-0A160C312F22, 2021-04-16T06:46:22, false
62D54C7D-9783-4C74-9C2E-0A160C312F22, 2021-04-16T06:47:22, false
62D54C7D-9783-4C74-9C2E-0A160C312F22, 2021-04-16T06:48:22, false
62D54C7D-9783-4C74-9C2E-0A160C312F22, 2021-04-16T06:49:22, false
62D54C7D-9783-4C74-9C2E-0A160C312F22, 2021-04-16T06:50:22, false
62D54C7D-9783-4C74-9C2E-0A160C312F22, 2021-04-16T06:51:22, false
62D54C7D-9783-4C74-9C2E-0A160C312F22, 2021-04-16T06:52:22, false
62D54C7D-9783-4C74-9C2E-0A160C312F22, 2021-04-16T06:53:22, false
62D54C7D-9783-4C74-9C2E-0A160C312F22, 2021-04-16T06:54:22, false
62D54C7D-9783-4C74-9C2E-0A160C312F22, 2021-04-16T06:55:22, false
62D54C7D-9783-4C74-9C2E-0A160C312F22, 2021-04-16T06:56:22, false
62D54C7D-9783-4C74-9C2E-0A160C312F22, 2021-04-16T06:57:22, false
62D54C7D-9783-4C74-9C2E-0A160C312F22, 2021-04-16T06:58:22, false
62D54C7D-9783-4C74-9C2E-0A160C312F22, 2021-04-16T06:59:22, false
62D54C7D-9783-4C74-9C2E-0A160C312F22, 2021-04-16T07:00:22, false
62D54C7D-9783-4C74-9C2E-0A160C312F22, 2021-04-16T07:01:22, false
62D54C7D-9783-4C74-9C2E-0A160C312F22, 2021-04-16T07:02:22, false
62D54C7D-9783-4C74-9C2E-0A160C312F22, 2021-04-16T07:03:22, false
62D54C7D-9783-4C74-9C2E-0A160C312F22, 2021-04-16T07:04:22, false
62D54C7D-9783-4C74-9C2E-0A160C312F22, 2021-04-16T07:05:22, false
62D54C7D-9783-4C74-9C2E-0A160C312F22, 2021-04-16T07:06:22, false
62D54C7D-9783-4C74-9C2E-0A160C312F22, 2021-04-16T07:07:22, false
62D54C7D-9783-4C74-9C2E-0A160C312F22, 2021-04-16T07:08:22, false
62D54C7D-9783-4C74-9C2E-0A160C312F22, 2021-04-16T07:09:22, false
62D54C7D-9783-4C74-9C2E-0A160C312F22, 2021-04-16T07:10:22, false
62D54C7D-9783-4C74-9C2E-0A160C312F22, 2021-04-16T07:11:22, false
62D54C7D-9783-4C74-9C2E-0A160C312F22, 2021-04-16T07:12:22, false
62D54C7D-9783-4C74-9C2E-0A160C312F22, 2021-04-16T07:13:22, false
62D54C7D-9783-4C74-9C2E-0A160C312F22, 2021-04-16T07:14:22, false
62D54C7D-9783-4C74-9C2E-0A160C312F22, 2021-04-16T07:15:22, false
62D54C7D-9783-4C74-9C2E-0A160C312F22, 2021-04-16T07:16:22, false
62D54C7D-9783-4C74-9C2E-0A160C312F22, 2021-04-16T07:17:22, false
62D54C7D-9783-4C74-9C2E-0A160C312F22, 2021-04-16T07:18:22, false
62D54C7D-9783-4C74-9C2E-0A160C312F22, 2021-04-16T07:19:22, false
62D54C7D-9783-4C74-9C2E-0A160C312F22, 2021-04-16T07:20:22, false
62D54C7D-9783-4C74-9C2E-0A160C312F22, 2021-04-16T07:21:22, false
62D54C7D-9783-4C74-9C2E-0A160C312F22, 2021-04-16T07:22:22, false
62D54C7D-9783-4C74-9C2E-0A160C312F22, 2021-04-16T07:23:22, false
62D54C7D-9783-4C74-9C2E-0A160C312F22, 2021-04-16T07:24:22, false
62D54C7D-9783-4C74-9C2E-0A160C312F22, 2021-04-16T07:25:22, false
62D54C7D-9783-4C74-9C2E-0A160C312F22, 2021-04-16T07:26:22, false
62D54C7D-9783-4C74-9C2E-0A160C312F22, 2021-04-16T07:27:22, false
62D54C7D-9783-4C74-9C2E-0A160C312F22, 2021-04-16T07:28:22, false
62D54C7D-9783-4C74-9C2E-0A160C312F22, 2021-04-16T07:29:22, false
62D54C7D-9783-4C74-9C2E-0A160C312F22, 2021-04-16T07:30:22, false
62D54C7D-9783-4C74-9C2E-0A160C312F22, 2021-04-16T07:31:22, false
62D54C7D-9783-4C74-9C2E-0A160C312F22, 2021-04-16T07:32:22, false
62D54C7D-9783-4C74-9C2E-0A160C312F22, 2021-04-16T07:33:22, false
62D54C7D-9783-4C74-9C2E-0A160C312F22, 2021-04-16T07:34:22, false
62D54C7D-9783-4C74-9C2E-0A160C312F22, 2021-04-16T07:35:22, false
62D54C7D-9783-4C74-9C2E-0A160C312F22, 2021-04-16T07:36:22, false
62D54C7D-9783-4C74-9C2E-0A160C312F22, 2021-04-16T07:37:22, false
62D54C7D-9783-4C74-9C2E-0A160C312F22, 2021-04-16T07:38:22, false
62D54C7D-9783-4C74-9C2E-0A160C312F22, 2021-04-16T07:39:22, false
62D54C7D-9783-4C74-9C2E-0A160C312F22, 2021-04-16T07:40:22, false
62D54C7D-9783-4C74-9C2E-0A160C312F22, 2021-04-16T07:41:22, false
62D54C7D-9783-4C74-9C2E-0A160C312F22, 2021-04-16T07:42:22, false
62D54C7D-9783-4C74-9C2E-0A160C312F22, 2021-04-16T07:43:22, false
62D54C7D-9783-4C74-9C2E-0A160C312F22, 2021-04-16T07:44:22, false
62D54C7D-9783-4C74-9C2E-0A160C312F22, 2021-04-16T07:45:22, false
62D54C7D-9783-4C74-9C2E-0A160C312F22, 2021-04-16T07:46:22, false
62D54C7D-9783-4C74-9C2E-0A160C312F22, 2021-04-16T07:47:22, false
62D54C7D-9783-4C74-9C2E-0A160C312F22, 2021-04-16T07:48:22, false
62D54C7D-9783-4C74-9C2E-0A160C312F22, 2021-04-16T07:49:22, false
62D54C7D-9783-4C74-9C2E-0A160C312F22, 2021-04-16T07:50:22, false
62D54C7D-9783-4C74-9C2E-0A160C312F22, 2021-04-16T07:51:22, false
62D54C7D-9783-4C74-9C2E-0A160C312F22, 2021-04-16T07:52:22, false
62D54C7D-9783-4C74-9C2E-0A160C312F22, 2021-04-16T07:53:22, false
62D54C7D-9783-4C74-9C2E-0A160C312F22, 2021-04-16T07:54:22, false
62D54C7D-9783-4C74-9C2E-0A160C312F22, 2021-04-16T07:55:22, false
62D54C7D-9783-4C74-9C2E-0A160C312F22, 2021-04-16T07:56:22, false
62D54C7D-9783-4C74-9C2E-0A160C312F22, 2021-04-16T07:57:22, false
62D54C7D-9783-4C74-9C2E-0A160C312F22, 2021-04-16T07:58:22, false
62D54C7D-9783-4C74-9C2E-0A160C312F22, 2021-04-16T07:59:22, false
62D54C7D-9783-4C74-9C2E-0A160C312F22, 2021-04-16T08:00:22, false
62D54C7D-9783-4C74-9C2E-0A160C312F22, 2021-04-16T08:01:22, false
62D54C7D-9783-4C74-9C2E-0A160C312F22, 2021-04-16T08:02:22, false
62D54C7D-9783-4C74-9C2E-0A160C312F22, 2021-04-16T08:03:22, false
62D54C7D-9783-4C74-9C2E-0A160C312F22, 2021-04-16T08:04:22, false
62D54C7D-9783-4C74-9C2E-0A160C312F22, 2021-04-16T08:05:22, false
62D54C7D-9783-4C74-9C2E-0A160C312F22, 2021-04-16T08:06:22, false
62D54C7D-9783-4C74-9C2E-0A160C312F22, 2021-04-16T08:07:22, false
62D54C7D-9783-4C74-9C2E-0A160C312F22, 2021-04-16T08:08:22, false
62D54C7D-9783-4C74-9C2E-0A160C312F22, 2021-04-16T08:09:22, false
62D54C7D-9783-4C74-9C2E-0A160C312F22, 2021-04-16T08:10:22, false
62D54C7D-9783-4C74-9C2E-0A160C312F22, 2021-04-16T08:11:22, false
62D54C7D-9783-4C74-9C2E-0A160C312F22, 2021-04-16T08:12:22, false
62D54C7D-9783-4C74-9C2E-0A160C312F22, 2021-04-16T08:13:22, false
62D54C7D-9783-4C74-9C2E-0A160C312F22, 2021-04-16T08:14:22, false
62D54C7D-9783-4C74-9C2E-0A160C312F22, 2021-04-16T08:15:22, false
62D54C7D-9783-4C74-9C2E-0A160C312F22, 2021-04-16T08:16:22, false
62D54C7D-9783-4C74-9C2E-0A160C312F22, 2021-04-16T08:17:22, false
62D54C7D-9783-4C74-9C2E-0A160C312F22, 2021-04-16T08:18:22, false
62D54C7D-9783-4C74-9C2E-0A160C312F22, 2021-04-16T08:19:22, false
62D54C7D-9783-4C74-9C2E-0A160C312F22, 2021-04-16T08:20:22, false
62D54C7D-9783-4C74-9C2E-0A160C312F22, 2021-04-16T08:21:22, false
62D54C7D-9783-4C74-9C2E-0A160C312F22, 2021-04-16T08:22:22, false
62D54C7D-9783-4C74-9C2E-0A160C312F22, 2021-04-16T08:23:22, false
62D54C7D-9783-4C74-9C2E-0A160C312F22, 2021-04-16T08:24:22, false
62D54C7D-9783-4C74-9C2E-0A160C312F22, 2021-04-16T08:25:22, false
62D54C7D-9783-4C74-9C2E-0A160C312F22, 2021-04-16T08:26:22, false
62D54C7D-9783-4C74-9C2E-0A160C312F22, 2021-04-16T08:27:22, false
62D54C7D-9783-4C74-9C2E-0A160C312F22, 2021-04-16T08:28:22, false
62D54C7D-9783-4C74-9C2E-0A160C312F22, 2021-04-16T08:29:22, false
62D54C7D-9783-4C74-9C2E-0A160C312F22, 2021-04-16T08:30:22, false
62D54C7D-9783-4C74-9C2E-0A160C312F22, 2021-04-16T08:31:22, false
62D54C7D-9783-4C74-9C2E-0A160C312F22, 2021-04-16T08:32:22, false
62D54C7D-9783-4C74-9C2E-0A160C312F22, 2021-04-16T08:33:22, false
62D54C7D-9783-4C74-9C2E-0A160C312F22, 2021-04-16T08:34:22, false
62D54C7D-9783-4C74-9C2E-0A160C312F22, 2021-04-16T08:35:22, false
62D54C7D-9783-4C74-9C2E-0A160C312F22, 2021-04-16T08:36:22, false
62D54C7D-9783-4C74-9C2E-0A160C312F22, 2021-04-16T08:37:22, false
62D54C7D-9783-4C74-9C2E-0A160C312F22, 2021-04-16T08:38:22, false
62D54C7D-9783-4C74-9C2E-0A160C312F22, 2021-04-16T08:39:22, false
62D54C7D-9783-4C74-9C2E-0A160C312F22, 2021-04-16T08:40:22, false
62D54C7D-9783-4C74-9C2E-0A160C312F22, 2021-04-16T08:41:22, false
62D54C7D-9783-4C74-9C2E-0A160C312F22, 2021-04-16T08:42:22, false
62D54C7D-9783-4C74-9C2E-0A160C312F22, 2021-04-16T08:43:22, false
62D54C7D-9783-4C74-9C2E-0A160C312F22, 2021-04-16T08:44:22, false
62D54C7D-9783-4C74-9C2E-0A160C312F22, 2021-04-16T08:45:22, false
62D54C7D-9783-4C74-9C2E-0A160C312F22, 2021-04-16T08:46:22, false
62D54C7D-9783-4C74-9C2E-0A160C312F22, 2021-04-16T08:47:22, false
62D54C7D-9783-4C74-9C2E-0A160C312F22, 2021-04-16T08:48:22, false
62D54C7D-9783-4C74-9C2E-0A160C312F22, 2021-04-16T08:49:22, false
62D54C7D-9783-4C74-9C2E-0A160C312F22, 2021-04-16T08:50:22, false
62D54C7D-9783-4C74-9C2E-0A160C312F22, 2021-04-16T08:51:22, false
62D54C7D-9783-4C74-9C2E-0A160C312F22, 2021-04-16T08:52:22, false
62D54C7D-9783-4C74-9C2E-0A160C312F22, 2021-04-16T08:53:22, false
62D54C7D-9783-4C74-9C2E-0A160C312F22, 2021-04-16T08:54:22, false
62D54C7D-9783-4C74-9C2E-0A160C312F22, 2021-04-16T08:55:22, false
62D54C7D-9783-4C74-9C2E-0A160C312F22, 2021-04-16T08:56:22, false
62D54C7D-9783-4C74-9C2E-0A160C312F22, 2021-04-16T08:57:22, false
62D54C7D-9783-4C74-9C2E-0A160C312F22, 2021-04-16T08:58:22, false
62D54C7D-9783-4C74-9C2E-0A160C312F22, 2021-04-16T08:59:22, false
62D54C7D-9783-4C74-9C2E-0A160C312F22, 2021-04-16T09:00:22, false
62D54C7D-9783-4C74-9C2E-0A160C312F22, 2021-04-16T09:01:22, false
62D54C7D-9783-4C74-9C2E-0A160C312F22, 2021-04-16T09:02:22, false
62D54C7D-9783-4C74-9C2E-0A160C312F22, 2021-04-16T09:03:22, false
62D54C7D-9783-4C74-9C2E-0A160C312F22, 2021-04-16T09:04:22, false
62D54C7D-9783-4C74-9C2E-0A160C312F22, 2021-04-16T09:05:22, false
62D54C7D-9783-4C74-9C2E-0A160C312F22, 2021-04-16T09:06:22, false
62D54C7D-9783-4C74-9C2E-0A160C312F22, 2021-04-16T09:07:22, false
62D54C7D-9783-4C74-9C2E-0A160C312F22, 2021-04-16T09:08:22, false
62D54C7D-9783-4C74-9C2E-0A160C312F22, 2021-04-16T09:09:22, false
62D54C7D-9783-4C74-9C2E-0A160C312F22, 2021-04-16T09:10:22, false
62D54C7D-9783-4C74-9C2E-0A160C312F22, 2021-04-16T09:11:22, false
62D54C7D-9783-4C74-9C2E-0A160C312F22, 2021-04-16T09:12:22, false
62D54C7D-9783-4C74-9C2E-0A160C312F22, 2021-04-16T09:13:22, false
62D54C7D-9783-4C74-9C2E-0A160C312F22, 2021-04-16T09:14:22, false
62D54C7D-9783-4C74-9C2E-0A160C312F22, 2021-04-16T09:15:22, false
62D54C7D-9783-4C74-9C2E-0A160C312F22, 2021-04-16T09:16:22, false
62D54C7D-9783-4C74-9C2E-0A160C312F22, 2021-04-16T09:17:22, false
62D54C7D-9783-4C74-9C2E-0A160C312F22, 2021-04-16T09:18:22, false
62D54C7D-9783-4C74-9C2E-0A160C312F22, 2021-04-16T09:19:22, false
62D54C7D-9783-4C74-9C2E-0A160C312F22, 2021-04-16T09:20:22, false
62D54C7D-9783-4C74-9C2E-0A160C312F22, 2021-04-16T09:21:22, false
62D54C7D-9783-4C74-9C2E-0A160C312F22, 2021-04-16T09:22:22, false
62D54C7D-9783-4C74-9C2E-0A160C312F22, 2021-04-16T09:23:22, false
62D54C7D-9783-4C74-9C2E-0A160C312F22, 2021-04-16T09:24:22, false
62D54C7D-9783-4C74-9C2E-0A160C312F22, 2021-04-16T09:25:22, false
62D54C7D-9783-4C74-9C2E-0A160C312F22, 2021-04-16T09:26:22, false
62D54C7D-9783-4C74-9C2E-0A160C312F22, 2021-04-16T09:27:22, false
62D54C7D-9783-4C74-9C2E-0A160C312F22, 2021-04-16T09:28:22, false
62D54C7D-9783-4C74-9C2E-0A160C312F22, 2021-04-16T09:29:22, false
62D54C7D-9783-4C74-9C2E-0A160C312F22, 2021-04-16T09:30:22, false
62D54C7D-9783-4C74-9C2E-0A160C312F22, 2021-04-16T09:31:22, false
62D54C7D-9783-4C74-9C2E-0A160C312F22, 2021-04-16T09:32:22, false
62D54C7D-9783-4C74-9C2E-0A160C312F22, 2021-04-16T09:33:22, false
62D54C7D-9783-4C74-9C2E-0A160C312F22, 2021-04-16T09:34:22, false
62D54C7D-9783-4C74-9C2E-0A160C312F22, 2021-04-16T09:35:22, false
62D54C7D-9783-4C74-9C2E-0A160C312F22, 2021-04-16T09:36:22, false
62D54C7D-9783-4C74-9C2E-0A160C312F22, 2021-04-16T09:37:22, false
62D54C7D-9783-4C74-9C2E-0A160C312F22, 2021-04-16T09:38:22, false
62D54C7D-9783-4C74-9C2E-0A160C312F22, 2021-04-16T09:39:22, false
62D54C7D-9783-4C74-9C2E-0A160C312F22, 2021-04-16T09:40:22, false
62D54C7D-9783-4C74-9C2E-0A160C312F22, 2021-04-16T09:41:22, false
62D54C7D-9783-4C74-9C2E-0A160C312F22, 2021-04-16T09:42:22, false
62D54C7D-9783-4C74-9C2E-0A160C312F22, 2021-04-16T09:43:22, false
62D54C7D-9783-4C74-9C2E-0A160C312F22, 2021-04-16T09:44:22, false
62D54C7D-9783-4C74-9C2E-0A160C312F22, 2021-04-16T09:45:22, false
62D54C7D-9783-4C74-9C2E-0A160C312F22, 2021-04-16T09:46:22, false
62D54C7D-9783-4C74-9C2E-0A160C312F22, 2021-04-16T09:47:22, false
62D54C7D-9783-4C74-9C2E-0A160C312F22, 2021-04-16T09:48:22, false
62D54C7D-9783-4C74-9C2E-0A160C312F22, 2021-04-16T09:49:22, false
62D54C7D-9783-4C74-9C2E-0A160C312F22, 2021-04-16T09:50:22, false
62D54C7D-9783-4C74-9C2E-0A160C312F22, 2021-04-16T09:51:22, false
62D54C7D-9783-4C74-9C2E-0A160C312F22, 2021-04-16T09:52:22, false
62D54C7D-9783-4C74-9C2E-0A160C312F22, 2021-04-16T09:53:22, false
62D54C7D-9783-4C74-9C2E-0A160C312F22, 2021-04-16T09:54:22, false
62D54C7D-9783-4C74-9C2E-0A160C312F22, 2021-04-16T09:55:22, false
62D54C7D-9783-4C74-9C2E-0A160C312F22, 2021-04-16T09:56:22, false
62D54C7D-9783-4C74-9C2E-0A160C312F22, 2021-04-16T09:57:22, false
62D54C7D-9783-4C74-9C2E-0A160C312F22, 2021-04-16T09:58:22, false
62D54C7D-9783-4C74-9C2E-0A160C312F22, 2021-04-16T09:59:22, false
62D54C7D-9783-4C74-9C2E-0A160C312F22, 2021-04-16T10:00:22, false
62D54C7D-9783-4C74-9C2E-0A160C312F22, 2021-04-16T10:01:22, false
62D54C7D-9783-4C74-9C2E-0A160C312F22, 2021-04-16T10:02:22, false
62D54C7D-9783-4C74-9C2E-0A160C312F22, 2021-04-16T10:03:22, false
62D54C7D-9783-4C74-9C2E-0A160C312F22, 2021-04-16T10:04:22, false
62D54C7D-9783-4C74-9C2E-0A160C312F22, 2021-04-16T10:05:22, false
62D54C7D-9783-4C74-9C2E-0A160C312F22, 2021-04-16T10:06:22, false
62D54C7D-9783-4C74-9C2E-0A160C312F22, 2021-04-16T10:07:22, false
62D54C7D-9783-4C74-9C2E-0A160C312F22, 2021-04-16T10:08:22, false
62D54C7D-9783-4C74-9C2E-0A160C312F22, 2021-04-16T10:09:22, false
62D54C7D-9783-4C74-9C2E-0A160C312F22, 2021-04-16T10:10:22, false
62D54C7D-9783-4C74-9C2E-0A160C312F22, 2021-04-16T10:11:22, false
62D54C7D-9783-4C74-9C2E-0A160C312F22, 2021-04-16T10:12:22, false
62D54C7D-9783-4C74-9C2E-0A160C312F22, 2021-04-16T10:13:22, false
62D54C7D-9783-4C74-9C2E-0A160C312F22, 2021-04-16T10:14:22, false
62D54C7D-9783-4C74-9C2E-0A160C312F22, 2021-04-16T10:15:22, false
62D54C7D-9783-4C74-9C2E-0A160C312F22, 2021-04-16T10:16:22, false
62D54C7D-9783-4C74-9C2E-0A160C312F22, 2021-04-16T10:17:22, false
62D54C7D-9783-4C74-9C2E-0A160C312F22, 2021-04-16T10:18:22, false
62D54C7D-9783-4C74-9C2E-0A160C312F22, 2021-04-16T10:19:22, false
62D54C7D-9783-4C74-9C2E-0A160C312F22, 2021-04-16T10:20:22, false
62D54C7D-9783-4C74-9C2E-0A160C312F22, 2021-04-16T10:21:22, false
62D54C7D-9783-4C74-9C2E-0A160C312F22, 2021-04-16T10:22:22, false
62D54C7D-9783-4C74-9C2E-0A160C312F22, 2021-04-16T10:23:22, false
62D54C7D-9783-4C74-9C2E-0A160C312F22, 2021-04-16T10:24:22, false
62D54C7D-9783-4C74-9C2E-0A160C312F22, 2021-04-16T10:25:22, false
62D54C7D-9783-4C74-9C2E-0A160C312F22, 2021-04-16T10:26:22, false
62D54C7D-9783-4C74-9C2E-0A160C312F22, 2021-04-16T10:27:22, false
62D54C7D-9783-4C74-9C2E-0A160C312F22, 2021-04-16T10:28:22, false
62D54C7D-9783-4C74-9C2E-0A160C312F22, 2021-04-16T10:29:22, false
62D54C7D-9783-4C74-9C2E-0A160C312F22, 2021-04-16T10:30:22, false
62D54C7D-9783-4C74-9C2E-0A160C312F22, 2021-04-16T10:31:22, false
62D54C7D-9783-4C74-9C2E-0A160C312F22, 2021-04-16T10:32:22, false
62D54C7D-9783-4C74-9C2E-0A160C312F22, 2021-04-16T10:33:22, false
62D54C7D-9783-4C74-9C2E-0A160C312F22, 2021-04-16T10:34:22, false
62D54C7D-9783-4C74-9C2E-0A160C312F22, 2021-04-16T10:35:22, false
62D54C7D-9783-4C74-9C2E-0A160C312F22, 2021-04-16T10:36:22, false
62D54C7D-9783-4C74-9C2E-0A160C312F22, 2021-04-16T10:37:22, false
62D54C7D-9783-4C74-9C2E-0A160C312F22, 2021-04-16T10:38:22, false
62D54C7D-9783-4C74-9C2E-0A160C312F22, 2021-04-16T10:39:22, false
62D54C7D-9783-4C74-9C2E-0A160C312F22, 2021-04-16T10:40:22, false
62D54C7D-9783-4C74-9C2E-0A160C312F22, 2021-04-16T10:41:22, false
62D54C7D-9783-4C74-9C2E-0A160C312F22, 2021-04-16T10:42:22, false
62D54C7D-9783-4C74-9C2E-0A160C312F22, 2021-04-16T10:43:22, false
62D54C7D-9783-4C74-9C2E-0A160C312F22, 2021-04-16T10:44:22, false
62D54C7D-9783-4C74-9C2E-0A160C312F22, 2021-04-16T10:45:22, false
62D54C7D-9783-4C74-9C2E-0A160C312F22, 2021-04-16T10:46:22, false
62D54C7D-9783-4C74-9C2E-0A160C312F22, 2021-04-16T10:47:22, false
62D54C7D-9783-4C74-9C2E-0A160C312F22, 2021-04-16T10:48:22, false
62D54C7D-9783-4C74-9C2E-0A160C312F22, 2021-04-16T10:49:22, false
62D54C7D-9783-4C74-9C2E-0A160C312F22, 2021-04-16T10:50:22, false
62D54C7D-9783-4C74-9C2E-0A160C312F22, 2021-04-16T10:51:22, false
62D54C7D-9783-4C74-9C2E-0A160C312F22, 2021-04-16T10:52:22, false
62D54C7D-9783-4C74-9C2E-0A160C312F22, 2021-04-16T10:53:22, false
62D54C7D-9783-4C74-9C2E-0A160C312F22, 2021-04-16T10:54:22, false
62D54C7D-9783-4C74-9C2E-0A160C312F22, 2021-04-16T10:55:22, false
62D54C7D-9783-4C74-9C2E-0A160C312F22, 2021-04-16T10:56:22, false
62D54C7D-9783-4C74-9C2E-0A160C312F22, 2021-04-16T10:57:22, false
62D54C7D-9783-4C74-9C2E-0A160C312F22, 2021-04-16T10:58:22, false
62D54C7D-9783-4C74-9C2E-0A160C312F22, 2021-04-16T10:59:22, false
62D54C7D-9783-4C74-9C2E-0A160C312F22, 2021-04-16T11:00:22, false
62D54C7D-9783-4C74-9C2E-0A160C312F22, 2021-04-16T11:01:22, false
62D54C7D-9783-4C74-9C2E-0A160C312F22, 2021-04-16T11:02:22, false
62D54C7D-9783-4C74-9C2E-0A160C312F22, 2021-04-16T11:03:22, false
62D54C7D-9783-4C74-9C2E-0A160C312F22, 2021-04-16T11:04:22, false
62D54C7D-9783-4C74-9C2E-0A160C312F22, 2021-04-16T11:05:22, false
62D54C7D-9783-4C74-9C2E-0A160C312F22, 2021-04-16T11:06:22, false
62D54C7D-9783-4C74-9C2E-0A160C312F22, 2021-04-16T11:07:22, false
62D54C7D-9783-4C74-9C2E-0A160C312F22, 2021-04-16T11:08:22, false
62D54C7D-9783-4C74-9C2E-0A160C312F22, 2021-04-16T11:09:22, false
62D54C7D-9783-4C74-9C2E-0A160C312F22, 2021-04-16T11:10:22, false
62D54C7D-9783-4C74-9C2E-0A160C312F22, 2021-04-16T11:11:22, false
62D54C7D-9783-4C74-9C2E-0A160C312F22, 2021-04-16T11:12:22, false
62D54C7D-9783-4C74-9C2E-0A160C312F22, 2021-04-16T11:13:22, false
62D54C7D-9783-4C74-9C2E-0A160C312F22, 2021-04-16T11:14:22, false
62D54C7D-9783-4C74-9C2E-0A160C312F22, 2021-04-16T11:15:22, false
62D54C7D-9783-4C74-9C2E-0A160C312F22, 2021-04-16T11:16:22, false
62D54C7D-9783-4C74-9C2E-0A160C312F22, 2021-04-16T11:17:22, false
62D54C7D-9783-4C74-9C2E-0A160C312F22, 2021-04-16T11:18:22, false
62D54C7D-9783-4C74-9C2E-0A160C312F22, 2021-04-16T11:19:22, false
62D54C7D-9783-4C74-9C2E-0A160C312F22, 2021-04-16T11:20:22, false
62D54C7D-9783-4C74-9C2E-0A160C312F22, 2021-04-16T11:21:22, false
62D54C7D-9783-4C74-9C2E-0A160C312F22, 2021-04-16T11:22:22, false
62D54C7D-9783-4C74-9C2E-0A160C312F22, 2021-04-16T11:23:22, false
62D54C7D-9783-4C74-9C2E-0A160C312F22, 2021-04-16T11:24:22, false
62D54C7D-9783-4C74-9C2E-0A160C312F22, 2021-04-16T11:25:22, false
62D54C7D-9783-4C74-9C2E-0A160C312F22, 2021-04-16T11:26:22, false
62D54C7D-9783-4C74-9C2E-0A160C312F22, 2021-04-16T11:27:22, false
62D54C7D-9783-4C74-9C2E-0A160C312F22, 2021-04-16T11:28:22, false
62D54C7D-9783-4C74-9C2E-0A160C312F22, 2021-04-16T11:29:22, false
62D54C7D-9783-4C74-9C2E-0A160C312F22, 2021-04-16T11:30:22, false
62D54C7D-9783-4C74-9C2E-0A160C312F22, 2021-04-16T11:31:22, false
62D54C7D-9783-4C74-9C2E-0A160C312F22, 2021-04-16T11:32:22, false
62D54C7D-9783-4C74-9C2E-0A160C312F22, 2021-04-16T11:33:22, false
62D54C7D-9783-4C74-9C2E-0A160C312F22, 2021-04-16T11:34:22, false
62D54C7D-9783-4C74-9C2E-0A160C312F22, 2021-04-16T11:35:22, false
62D54C7D-9783-4C74-9C2E-0A160C312F22, 2021-04-16T11:36:22, false
62D54C7D-9783-4C74-9C2E-0A160C312F22, 2021-04-16T11:37:22, false
62D54C7D-9783-4C74-9C2E-0A160C312F22, 2021-04-16T11:38:22, false
62D54C7D-9783-4C74-9C2E-0A160C312F22, 2021-04-16T11:39:22, false
62D54C7D-9783-4C74-9C2E-0A160C312F22, 2021-04-16T11:40:22, false
62D54C7D-9783-4C74-9C2E-0A160C312F22, 2021-04-16T11:41:22, false
62D54C7D-9783-4C74-9C2E-0A160C312F22, 2021-04-16T11:42:22, false
62D54C7D-9783-4C74-9C2E-0A160C312F22, 2021-04-16T11:43:22, false
62D54C7D-9783-4C74-9C2E-0A160C312F22, 2021-04-16T11:44:22, false
62D54C7D-9783-4C74-9C2E-0A160C312F22, 2021-04-16T11:45:22, false
62D54C7D-9783-4C74-9C2E-0A160C312F22, 2021-04-16T11:46:22, false
62D54C7D-9783-4C74-9C2E-0A160C312F22, 2021-04-16T11:47:22, false
62D54C7D-9783-4C74-9C2E-0A160C312F22, 2021-04-16T11:48:22, false
62D54C7D-9783-4C74-9C2E-0A160C312F22, 2021-04-16T11:49:22, false
62D54C7D-9783-4C74-9C2E-0A160C312F22, 2021-04-16T11:50:22, false
62D54C7D-9783-4C74-9C2E-0A160C312F22, 2021-04-16T11:51:22, false
62D54C7D-9783-4C74-9C2E-0A160C312F22, 2021-04-16T11:52:22, false
62D54C7D-9783-4C74-9C2E-0A160C312F22, 2021-04-16T11:53:22, false
62D54C7D-9783-4C74-9C2E-0A160C312F22, 2021-04-16T11:54:22, false
62D54C7D-9783-4C74-9C2E-0A160C312F22, 2021-04-16T11:55:22, false
62D54C7D-9783-4C74-9C2E-0A160C312F22, 2021-04-16T11:56:22, false
62D54C7D-9783-4C74-9C2E-0A160C312F22, 2021-04-16T11:57:22, false
62D54C7D-9783-4C74-9C2E-0A160C312F22, 2021-04-16T11:58:22, false
62D54C7D-9783-4C74-9C2E-0A160C312F22, 2021-04-16T11:59:22, false
62D54C7D-9783-4C74-9C2E-0A160C312F22, 2021-04-16T12:00:22, false
62D54C7D-9783-4C74-9C2E-0A160C312F22, 2021-04-16T12:01:22, false
62D54C7D-9783-4C74-9C2E-0A160C312F22, 2021-04-16T12:02:22, false
62D54C7D-9783-4C74-9C2E-0A160C312F22, 2021-04-16T12:03:22, false
62D54C7D-9783-4C74-9C2E-0A160C312F22, 2021-04-16T12:04:22, false
62D54C7D-9783-4C74-9C2E-0A160C312F22, 2021-04-16T12:05:22, false
62D54C7D-9783-4C74-9C2E-0A160C312F22, 2021-04-16T12:06:22, false
62D54C7D-9783-4C74-9C2E-0A160C312F22, 2021-04-16T12:07:22, false
62D54C7D-9783-4C74-9C2E-0A160C312F22, 2021-04-16T12:08:22, false
62D54C7D-9783-4C74-9C2E-0A160C312F22, 2021-04-16T12:09:22, false
62D54C7D-9783-4C74-9C2E-0A160C312F22, 2021-04-16T12:10:22, false
62D54C7D-9783-4C74-9C2E-0A160C312F22, 2021-04-16T12:11:22, false
62D54C7D-9783-4C74-9C2E-0A160C312F22, 2021-04-16T12:12:22, false
62D54C7D-9783-4C74-9C2E-0A160C312F22, 2021-04-16T12:13:22, false
62D54C7D-9783-4C74-9C2E-0A160C312F22, 2021-04-16T12:14:22, false
62D54C7D-9783-4C74-9C2E-0A160C312F22, 2021-04-16T12:15:22, false
62D54C7D-9783-4C74-9C2E-0A160C312F22, 2021-04-16T12:16:22, false
62D54C7D-9783-4C74-9C2E-0A160C312F22, 2021-04-16T12:17:22, false
62D54C7D-9783-4C74-9C2E-0A160C312F22, 2021-04-16T12:18:22, false
62D54C7D-9783-4C74-9C2E-0A160C312F22, 2021-04-16T12:19:22, false
62D54C7D-9783-4C74-9C2E-0A160C312F22, 2021-04-16T12:20:22, false
62D54C7D-9783-4C74-9C2E-0A160C312F22, 2021-04-16T12:21:22, false
62D54C7D-9783-4C74-9C2E-0A160C312F22, 2021-04-16T12:22:22, false
62D54C7D-9783-4C74-9C2E-0A160C312F22, 2021-04-16T12:23:22, false
62D54C7D-9783-4C74-9C2E-0A160C312F22, 2021-04-16T12:24:22, false
62D54C7D-9783-4C74-9C2E-0A160C312F22, 2021-04-16T12:25:22, false
62D54C7D-9783-4C74-9C2E-0A160C312F22, 2021-04-16T12:26:22, false
62D54C7D-9783-4C74-9C2E-0A160C312F22, 2021-04-16T12:27:22, false
62D54C7D-9783-4C74-9C2E-0A160C312F22, 2021-04-16T12:28:22, false
62D54C7D-9783-4C74-9C2E-0A160C312F22, 2021-04-16T12:29:22, false
62D54C7D-9783-4C74-9C2E-0A160C312F22, 2021-04-16T12:30:22, false
62D54C7D-9783-4C74-9C2E-0A160C312F22, 2021-04-16T12:31:22, false
62D54C7D-9783-4C74-9C2E-0A160C312F22, 2021-04-16T12:32:22, false
62D54C7D-9783-4C74-9C2E-0A160C312F22, 2021-04-16T12:33:22, false
62D54C7D-9783-4C74-9C2E-0A160C312F22, 2021-04-16T12:34:22, false
62D54C7D-9783-4C74-9C2E-0A160C312F22, 2021-04-16T12:35:22, false
62D54C7D-9783-4C74-9C2E-0A160C312F22, 2021-04-16T12:36:22, false
62D54C7D-9783-4C74-9C2E-0A160C312F22, 2021-04-16T12:37:22, false
62D54C7D-9783-4C74-9C2E-0A160C312F22, 2021-04-16T12:38:22, false
62D54C7D-9783-4C74-9C2E-0A160C312F22, 2021-04-16T12:39:22, false
62D54C7D-9783-4C74-9C2E-0A160C312F22, 2021-04-16T12:40:22, false
62D54C7D-9783-4C74-9C2E-0A160C312F22, 2021-04-16T12:41:22, false
62D54C7D-9783-4C74-9C2E-0A160C312F22, 2021-04-16T12:42:22, false
62D54C7D-9783-4C74-9C2E-0A160C312F22, 2021-04-16T12:43:22, false
62D54C7D-9783-4C74-9C2E-0A160C312F22, 2021-04-16T12:44:22, false
62D54C7D-9783-4C74-9C2E-0A160C312F22, 2021-04-16T12:45:22, false
62D54C7D-9783-4C74-9C2E-0A160C312F22, 2021-04-16T12:46:22, false
62D54C7D-9783-4C74-9C2E-0A160C312F22, 2021-04-16T12:47:22, false
62D54C7D-9783-4C74-9C2E-0A160C312F22, 2021-04-16T12:48:22, false
62D54C7D-9783-4C74-9C2E-0A160C312F22, 2021-04-16T12:49:22, false
62D54C7D-9783-4C74-9C2E-0A160C312F22, 2021-04-16T12:50:22, false
62D54C7D-9783-4C74-9C2E-0A160C312F22, 2021-04-16T12:51:22, false
62D54C7D-9783-4C74-9C2E-0A160C312F22, 2021-04-16T12:52:22, false
62D54C7D-9783-4C74-9C2E-0A160C312F22, 2021-04-16T12:53:22, false
62D54C7D-9783-4C74-9C2E-0A160C312F22, 2021-04-16T12:54:22, false
62D54C7D-9783-4C74-9C2E-0A160C312F22, 2021-04-16T12:55:22, false
62D54C7D-9783-4C74-9C2E-0A160C312F22, 2021-04-16T12:56:22, false
62D54C7D-9783-4C74-9C2E-0A160C312F22, 2021-04-16T12:57:22, false
62D54C7D-9783-4C74-9C2E-0A160C312F22, 2021-04-16T12:58:22, false
62D54C7D-9783-4C74-9C2E-0A160C312F22, 2021-04-16T12:59:22, false
62D54C7D-9783-4C74-9C2E-0A160C312F22, 2021-04-16T13:00:22, false
62D54C7D-9783-4C74-9C2E-0A160C312F22, 2021-04-16T13:01:22, false
62D54C7D-9783-4C74-9C2E-0A160C312F22, 2021-04-16T13:02:22, false
62D54C7D-9783-4C74-9C2E-0A160C312F22, 2021-04-16T13:03:22, false
62D54C7D-9783-4C74-9C2E-0A160C312F22, 2021-04-16T13:04:22, false
62D54C7D-9783-4C74-9C2E-0A160C312F22, 2021-04-16T13:05:22, false
62D54C7D-9783-4C74-9C2E-0A160C312F22, 2021-04-16T13:06:22, false
62D54C7D-9783-4C74-9C2E-0A160C312F22, 2021-04-16T13:07:22, false
62D54C7D-9783-4C74-9C2E-0A160C312F22, 2021-04-16T13:08:22, false
62D54C7D-9783-4C74-9C2E-0A160C312F22, 2021-04-16T13:09:22, false
62D54C7D-9783-4C74-9C2E-0A160C312F22, 2021-04-16T13:10:22, false
62D54C7D-9783-4C74-9C2E-0A160C312F22, 2021-04-16T13:11:22, false
62D54C7D-9783-4C74-9C2E-0A160C312F22, 2021-04-16T13:12:22, false
62D54C7D-9783-4C74-9C2E-0A160C312F22, 2021-04-16T13:13:22, false
62D54C7D-9783-4C74-9C2E-0A160C312F22, 2021-04-16T13:14:22, false
62D54C7D-9783-4C74-9C2E-0A160C312F22, 2021-04-16T13:15:22, false
62D54C7D-9783-4C74-9C2E-0A160C312F22, 2021-04-16T13:16:22, false
62D54C7D-9783-4C74-9C2E-0A160C312F22, 2021-04-16T13:17:22, false
62D54C7D-9783-4C74-9C2E-0A160C312F22, 2021-04-16T13:18:22, false
62D54C7D-9783-4C74-9C2E-0A160C312F22, 2021-04-16T13:19:22, false
62D54C7D-9783-4C74-9C2E-0A160C312F22, 2021-04-16T13:20:22, false
62D54C7D-9783-4C74-9C2E-0A160C312F22, 2021-04-16T13:21:22, false
62D54C7D-9783-4C74-9C2E-0A160C312F22, 2021-04-16T13:22:22, false
62D54C7D-9783-4C74-9C2E-0A160C312F22, 2021-04-16T13:23:22, false
62D54C7D-9783-4C74-9C2E-0A160C312F22, 2021-04-16T13:24:22, false
62D54C7D-9783-4C74-9C2E-0A160C312F22, 2021-04-16T13:25:22, false
62D54C7D-9783-4C74-9C2E-0A160C312F22, 2021-04-16T13:26:22, false
62D54C7D-9783-4C74-9C2E-0A160C312F22, 2021-04-16T13:27:22, false
62D54C7D-9783-4C74-9C2E-0A160C312F22, 2021-04-16T13:28:22, false
62D54C7D-9783-4C74-9C2E-0A160C312F22, 2021-04-16T13:29:22, false
62D54C7D-9783-4C74-9C2E-0A160C312F22, 2021-04-16T13:30:22, false
62D54C7D-9783-4C74-9C2E-0A160C312F22, 2021-04-16T13:31:22, false
62D54C7D-9783-4C74-9C2E-0A160C312F22, 2021-04-16T13:32:22, false
62D54C7D-9783-4C74-9C2E-0A160C312F22, 2021-04-16T13:33:22, false
62D54C7D-9783-4C74-9C2E-0A160C312F22, 2021-04-16T13:34:22, false
62D54C7D-9783-4C74-9C2E-0A160C312F22, 2021-04-16T13:35:22, false
62D54C7D-9783-4C74-9C2E-0A160C312F22, 2021-04-16T13:36:22, false
62D54C7D-9783-4C74-9C2E-0A160C312F22, 2021-04-16T13:37:22, false
62D54C7D-9783-4C74-9C2E-0A160C312F22, 2021-04-16T13:38:22, false
62D54C7D-9783-4C74-9C2E-0A160C312F22, 2021-04-16T13:39:22, false
62D54C7D-9783-4C74-9C2E-0A160C312F22, 2021-04-16T13:40:22, false
62D54C7D-9783-4C74-9C2E-0A160C312F22, 2021-04-16T13:41:22, false
62D54C7D-9783-4C74-9C2E-0A160C312F22, 2021-04-16T13:42:22, false
62D54C7D-9783-4C74-9C2E-0A160C312F22, 2021-04-16T13:43:22, false
62D54C7D-9783-4C74-9C2E-0A160C312F22, 2021-04-16T13:44:22, false
62D54C7D-9783-4C74-9C2E-0A160C312F22, 2021-04-16T13:45:22, false
62D54C7D-9783-4C74-9C2E-0A160C312F22, 2021-04-16T13:46:22, false
62D54C7D-9783-4C74-9C2E-0A160C312F22, 2021-04-16T13:47:22, false
62D54C7D-9783-4C74-9C2E-0A160C312F22, 2021-04-16T13:48:22, false
62D54C7D-9783-4C74-9C2E-0A160C312F22, 2021-04-16T13:49:22, false
62D54C7D-9783-4C74-9C2E-0A160C312F22, 2021-04-16T13:50:22, false
62D54C7D-9783-4C74-9C2E-0A160C312F22, 2021-04-16T13:51:22, false
62D54C7D-9783-4C74-9C2E-0A160C312F22, 2021-04-16T13:52:22, false
62D54C7D-9783-4C74-9C2E-0A160C312F22, 2021-04-16T13:53:22, false
62D54C7D-9783-4C74-9C2E-0A160C312F22, 2021-04-16T13:54:22, false
62D54C7D-9783-4C74-9C2E-0A160C312F22, 2021-04-16T13:55:22, false
62D54C7D-9783-4C74-9C2E-0A160C312F22, 2021-04-16T13:56:22, false
62D54C7D-9783-4C74-9C2E-0A160C312F22, 2021-04-16T13:57:22, false
62D54C7D-9783-4C74-9C2E-0A160C312F22, 2021-04-16T13:58:22, false
62D54C7D-9783-4C74-9C2E-0A160C312F22, 2021-04-16T13:59:22, false
62D54C7D-9783-4C74-9C2E-0A160C312F22, 2021-04-16T14:00:22, false
62D54C7D-9783-4C74-9C2E-0A160C312F22, 2021-04-16T14:01:22, false
62D54C7D-9783-4C74-9C2E-0A160C312F22, 2021-04-16T14:02:22, false
62D54C7D-9783-4C74-9C2E-0A160C312F22, 2021-04-16T14:03:22, false
62D54C7D-9783-4C74-9C2E-0A160C312F22, 2021-04-16T14:04:22, false
62D54C7D-9783-4C74-9C2E-0A160C312F22, 2021-04-16T14:05:22, false
62D54C7D-9783-4C74-9C2E-0A160C312F22, 2021-04-16T14:06:22, false
62D54C7D-9783-4C74-9C2E-0A160C312F22, 2021-04-16T14:07:22, false
62D54C7D-9783-4C74-9C2E-0A160C312F22, 2021-04-16T14:08:22, false
62D54C7D-9783-4C74-9C2E-0A160C312F22, 2021-04-16T14:09:22, false
62D54C7D-9783-4C74-9C2E-0A160C312F22, 2021-04-16T14:10:22, false
62D54C7D-9783-4C74-9C2E-0A160C312F22, 2021-04-16T14:11:22, false
62D54C7D-9783-4C74-9C2E-0A160C312F22, 2021-04-16T14:12:22, false
62D54C7D-9783-4C74-9C2E-0A160C312F22, 2021-04-16T14:13:22, false
62D54C7D-9783-4C74-9C2E-0A160C312F22, 2021-04-16T14:14:22, false
62D54C7D-9783-4C74-9C2E-0A160C312F22, 2021-04-16T14:15:22, false
62D54C7D-9783-4C74-9C2E-0A160C312F22, 2021-04-16T14:16:22, false
62D54C7D-9783-4C74-9C2E-0A160C312F22, 2021-04-16T14:17:22, false
62D54C7D-9783-4C74-9C2E-0A160C312F22, 2021-04-16T14:18:22, false
62D54C7D-9783-4C74-9C2E-0A160C312F22, 2021-04-16T14:19:22, false
62D54C7D-9783-4C74-9C2E-0A160C312F22, 2021-04-16T14:20:22, false
62D54C7D-9783-4C74-9C2E-0A160C312F22, 2021-04-16T14:21:22, false
62D54C7D-9783-4C74-9C2E-0A160C312F22, 2021-04-16T14:22:22, false
62D54C7D-9783-4C74-9C2E-0A160C312F22, 2021-04-16T14:23:22, false
62D54C7D-9783-4C74-9C2E-0A160C312F22, 2021-04-16T14:24:22, false
62D54C7D-9783-4C74-9C2E-0A160C312F22, 2021-04-16T14:25:22, false
62D54C7D-9783-4C74-9C2E-0A160C312F22, 2021-04-16T14:26:22, false
62D54C7D-9783-4C74-9C2E-0A160C312F22, 2021-04-16T14:27:22, false
62D54C7D-9783-4C74-9C2E-0A160C312F22, 2021-04-16T14:28:22, false
62D54C7D-9783-4C74-9C2E-0A160C312F22, 2021-04-16T14:29:22, false
62D54C7D-9783-4C74-9C2E-0A160C312F22, 2021-04-16T14:30:22, false
62D54C7D-9783-4C74-9C2E-0A160C312F22, 2021-04-16T14:31:22, false
62D54C7D-9783-4C74-9C2E-0A160C312F22, 2021-04-16T14:32:22, false
62D54C7D-9783-4C74-9C2E-0A160C312F22, 2021-04-16T14:33:22, false
62D54C7D-9783-4C74-9C2E-0A160C312F22, 2021-04-16T14:34:22, false
62D54C7D-9783-4C74-9C2E-0A160C312F22, 2021-04-16T14:35:22, false
62D54C7D-9783-4C74-9C2E-0A160C312F22, 2021-04-16T14:36:22, false
62D54C7D-9783-4C74-9C2E-0A160C312F22, 2021-04-16T14:37:22, false
62D54C7D-9783-4C74-9C2E-0A160C312F22, 2021-04-16T14:38:22, false
62D54C7D-9783-4C74-9C2E-0A160C312F22, 2021-04-16T14:39:22, false
62D54C7D-9783-4C74-9C2E-0A160C312F22, 2021-04-16T14:40:22, false
62D54C7D-9783-4C74-9C2E-0A160C312F22, 2021-04-16T14:41:22, false
62D54C7D-9783-4C74-9C2E-0A160C312F22, 2021-04-16T14:42:22, false
62D54C7D-9783-4C74-9C2E-0A160C312F22, 2021-04-16T14:43:22, false
62D54C7D-9783-4C74-9C2E-0A160C312F22, 2021-04-16T14:44:22, false
62D54C7D-9783-4C74-9C2E-0A160C312F22, 2021-04-16T14:45:22, false
62D54C7D-9783-4C74-9C2E-0A160C312F22, 2021-04-16T14:46:22, false
62D54C7D-9783-4C74-9C2E-0A160C312F22, 2021-04-16T14:47:22, false
62D54C7D-9783-4C74-9C2E-0A160C312F22, 2021-04-16T14:48:22, false
62D54C7D-9783-4C74-9C2E-0A160C312F22, 2021-04-16T14:49:22, false
62D54C7D-9783-4C74-9C2E-0A160C312F22, 2021-04-16T14:50:22, false
62D54C7D-9783-4C74-9C2E-0A160C312F22, 2021-04-16T14:51:22, false
62D54C7D-9783-4C74-9C2E-0A160C312F22, 2021-04-16T14:52:22, false
62D54C7D-9783-4C74-9C2E-0A160C312F22, 2021-04-16T14:53:22, false
62D54C7D-9783-4C74-9C2E-0A160C312F22, 2021-04-16T14:54:22, false
62D54C7D-9783-4C74-9C2E-0A160C312F22, 2021-04-16T14:55:22, false
62D54C7D-9783-4C74-9C2E-0A160C312F22, 2021-04-16T14:56:22, false
62D54C7D-9783-4C74-9C2E-0A160C312F22, 2021-04-16T14:57:22, false
62D54C7D-9783-4C74-9C2E-0A160C312F22, 2021-04-16T14:58:22, false
62D54C7D-9783-4C74-9C2E-0A160C312F22, 2021-04-16T14:59:22, false
62D54C7D-9783-4C74-9C2E-0A160C312F22, 2021-04-16T15:00:22, false
62D54C7D-9783-4C74-9C2E-0A160C312F22, 2021-04-16T15:01:22, false
62D54C7D-9783-4C74-9C2E-0A160C312F22, 2021-04-16T15:02:22, false
62D54C7D-9783-4C74-9C2E-0A160C312F22, 2021-04-16T15:03:22, false
62D54C7D-9783-4C74-9C2E-0A160C312F22, 2021-04-16T15:04:22, false
62D54C7D-9783-4C74-9C2E-0A160C312F22, 2021-04-16T15:05:22, false
62D54C7D-9783-4C74-9C2E-0A160C312F22, 2021-04-16T15:06:22, false
62D54C7D-9783-4C74-9C2E-0A160C312F22, 2021-04-16T15:07:22, false
62D54C7D-9783-4C74-9C2E-0A160C312F22, 2021-04-16T15:08:22, false
62D54C7D-9783-4C74-9C2E-0A160C312F22, 2021-04-16T15:09:22, false
62D54C7D-9783-4C74-9C2E-0A160C312F22, 2021-04-16T15:10:22, false
62D54C7D-9783-4C74-9C2E-0A160C312F22, 2021-04-16T15:11:22, false
62D54C7D-9783-4C74-9C2E-0A160C312F22, 2021-04-16T15:12:22, false
62D54C7D-9783-4C74-9C2E-0A160C312F22, 2021-04-16T15:13:22, false
62D54C7D-9783-4C74-9C2E-0A160C312F22, 2021-04-16T15:14:22, false
62D54C7D-9783-4C74-9C2E-0A160C312F22, 2021-04-16T15:15:22, false
62D54C7D-9783-4C74-9C2E-0A160C312F22, 2021-04-16T15:16:22, false
62D54C7D-9783-4C74-9C2E-0A160C312F22, 2021-04-16T15:17:22, false
62D54C7D-9783-4C74-9C2E-0A160C312F22, 2021-04-16T15:18:22, false
62D54C7D-9783-4C74-9C2E-0A160C312F22, 2021-04-16T15:19:22, false
62D54C7D-9783-4C74-9C2E-0A160C312F22, 2021-04-16T15:20:22, false
62D54C7D-9783-4C74-9C2E-0A160C312F22, 2021-04-16T15:21:22, false
62D54C7D-9783-4C74-9C2E-0A160C312F22, 2021-04-16T15:22:22, false
62D54C7D-9783-4C74-9C2E-0A160C312F22, 2021-04-16T15:23:22, false
62D54C7D-9783-4C74-9C2E-0A160C312F22, 2021-04-16T15:24:22, false
62D54C7D-9783-4C74-9C2E-0A160C312F22, 2021-04-16T15:25:22, false
62D54C7D-9783-4C74-9C2E-0A160C312F22, 2021-04-16T15:26:22, false
62D54C7D-9783-4C74-9C2E-0A160C312F22, 2021-04-16T15:27:22, false
62D54C7D-9783-4C74-9C2E-0A160C312F22, 2021-04-16T15:28:22, false
62D54C7D-9783-4C74-9C2E-0A160C312F22, 2021-04-16T15:29:22, false
62D54C7D-9783-4C74-9C2E-0A160C312F22, 2021-04-16T15:30:22, false
62D54C7D-9783-4C74-9C2E-0A160C312F22, 2021-04-16T15:31:22, false
62D54C7D-9783-4C74-9C2E-0A160C312F22, 2021-04-16T15:32:22, false
62D54C7D-9783-4C74-9C2E-0A160C312F22, 2021-04-16T15:33:22, false
62D54C7D-9783-4C74-9C2E-0A160C312F22, 2021-04-16T15:34:22, false
62D54C7D-9783-4C74-9C2E-0A160C312F22, 2021-04-16T15:35:22, false
62D54C7D-9783-4C74-9C2E-0A160C312F22, 2021-04-16T15:36:22, false
62D54C7D-9783-4C74-9C2E-0A160C312F22, 2021-04-16T15:37:22, false
62D54C7D-9783-4C74-9C2E-0A160C312F22, 2021-04-16T15:38:22, false
62D54C7D-9783-4C74-9C2E-0A160C312F22, 2021-04-16T15:39:22, false
62D54C7D-9783-4C74-9C2E-0A160C312F22, 2021-04-16T15:40:22, false
62D54C7D-9783-4C74-9C2E-0A160C312F22, 2021-04-16T15:41:22, false
62D54C7D-9783-4C74-9C2E-0A160C312F22, 2021-04-16T15:42:22, false
62D54C7D-9783-4C74-9C2E-0A160C312F22, 2021-04-16T15:43:22, false
62D54C7D-9783-4C74-9C2E-0A160C312F22, 2021-04-16T15:44:22, false
62D54C7D-9783-4C74-9C2E-0A160C312F22, 2021-04-16T15:45:22, false
62D54C7D-9783-4C74-9C2E-0A160C312F22, 2021-04-16T15:46:22, false
62D54C7D-9783-4C74-9C2E-0A160C312F22, 2021-04-16T15:47:22, false
62D54C7D-9783-4C74-9C2E-0A160C312F22, 2021-04-16T15:48:22, false
62D54C7D-9783-4C74-9C2E-0A160C312F22, 2021-04-16T15:49:22, false
62D54C7D-9783-4C74-9C2E-0A160C312F22, 2021-04-16T15:50:22, false
62D54C7D-9783-4C74-9C2E-0A160C312F22, 2021-04-16T15:51:22, false
62D54C7D-9783-4C74-9C2E-0A160C312F22, 2021-04-16T15:52:22, false
62D54C7D-9783-4C74-9C2E-0A160C312F22, 2021-04-16T15:53:22, false
62D54C7D-9783-4C74-9C2E-0A160C312F22, 2021-04-16T15:54:22, false
62D54C7D-9783-4C74-9C2E-0A160C312F22, 2021-04-16T15:55:22, false
62D54C7D-9783-4C74-9C2E-0A160C312F22, 2021-04-16T15:56:22, false
62D54C7D-9783-4C74-9C2E-0A160C312F22, 2021-04-16T15:57:22, false
62D54C7D-9783-4C74-9C2E-0A160C312F22, 2021-04-16T15:58:22, false
62D54C7D-9783-4C74-9C2E-0A160C312F22, 2021-04-16T15:59:22, false
62D54C7D-9783-4C74-9C2E-0A160C312F22, 2021-04-16T16:00:22, false
62D54C7D-9783-4C74-9C2E-0A160C312F22, 2021-04-16T16:01:22, false
62D54C7D-9783-4C74-9C2E-0A160C312F22, 2021-04-16T16:02:22, false
62D54C7D-9783-4C74-9C2E-0A160C312F22, 2021-04-16T16:03:22, false
62D54C7D-9783-4C74-9C2E-0A160C312F22, 2021-04-16T16:04:22, false
62D54C7D-9783-4C74-9C2E-0A160C312F22, 2021-04-16T16:05:22, false
62D54C7D-9783-4C74-9C2E-0A160C312F22, 2021-04-16T16:06:22, false
62D54C7D-9783-4C74-9C2E-0A160C312F22, 2021-04-16T16:07:22, false
62D54C7D-9783-4C74-9C2E-0A160C312F22, 2021-04-16T16:08:22, false
62D54C7D-9783-4C74-9C2E-0A160C312F22, 2021-04-16T16:09:22, false
62D54C7D-9783-4C74-9C2E-0A160C312F22, 2021-04-16T16:10:22, false
62D54C7D-9783-4C74-9C2E-0A160C312F22, 2021-04-16T16:11:22, false
62D54C7D-9783-4C74-9C2E-0A160C312F22, 2021-04-16T16:12:22, false
62D54C7D-9783-4C74-9C2E-0A160C312F22, 2021-04-16T16:13:22, false
62D54C7D-9783-4C74-9C2E-0A160C312F22, 2021-04-16T16:14:22, false
62D54C7D-9783-4C74-9C2E-0A160C312F22, 2021-04-16T16:15:22, false
62D54C7D-9783-4C74-9C2E-0A160C312F22, 2021-04-16T16:16:22, false
62D54C7D-9783-4C74-9C2E-0A160C312F22, 2021-04-16T16:17:22, false
62D54C7D-9783-4C74-9C2E-0A160C312F22, 2021-04-16T16:18:22, false
62D54C7D-9783-4C74-9C2E-0A160C312F22, 2021-04-16T16:19:22, false
62D54C7D-9783-4C74-9C2E-0A160C312F22, 2021-04-16T16:20:22, false
62D54C7D-9783-4C74-9C2E-0A160C312F22, 2021-04-16T16:21:22, false
62D54C7D-9783-4C74-9C2E-0A160C312F22, 2021-04-16T16:22:22, false
62D54C7D-9783-4C74-9C2E-0A160C312F22, 2021-04-16T16:23:22, false
62D54C7D-9783-4C74-9C2E-0A160C312F22, 2021-04-16T16:24:22, false
62D54C7D-9783-4C74-9C2E-0A160C312F22, 2021-04-16T16:25:22, false
62D54C7D-9783-4C74-9C2E-0A160C312F22, 2021-04-16T16:26:22, false
62D54C7D-9783-4C74-9C2E-0A160C312F22, 2021-04-16T16:27:22, false
62D54C7D-9783-4C74-9C2E-0A160C312F22, 2021-04-16T16:28:22, false
62D54C7D-9783-4C74-9C2E-0A160C312F22, 2021-04-16T16:29:22, false
62D54C7D-9783-4C74-9C2E-0A160C312F22, 2021-04-16T16:30:22, false
62D54C7D-9783-4C74-9C2E-0A160C312F22, 2021-04-16T16:31:22, false
62D54C7D-9783-4C74-9C2E-0A160C312F22, 2021-04-16T16:32:22, false
62D54C7D-9783-4C74-9C2E-0A160C312F22, 2021-04-16T16:33:22, false
62D54C7D-9783-4C74-9C2E-0A160C312F22, 2021-04-16T16:34:22, false
62D54C7D-9783-4C74-9C2E-0A160C312F22, 2021-04-16T16:35:22, false
62D54C7D-9783-4C74-9C2E-0A160C312F22, 2021-04-16T16:36:22, false
62D54C7D-9783-4C74-9C2E-0A160C312F22, 2021-04-16T16:37:22, false
62D54C7D-9783-4C74-9C2E-0A160C312F22, 2021-04-16T16:38:22, false
62D54C7D-9783-4C74-9C2E-0A160C312F22, 2021-04-16T16:39:22, false
62D54C7D-9783-4C74-9C2E-0A160C312F22, 2021-04-16T16:40:22, false
62D54C7D-9783-4C74-9C2E-0A160C312F22, 2021-04-16T16:41:22, false
62D54C7D-9783-4C74-9C2E-0A160C312F22, 2021-04-16T16:42:22, false
62D54C7D-9783-4C74-9C2E-0A160C312F22, 2021-04-16T16:43:22, false
62D54C7D-9783-4C74-9C2E-0A160C312F22, 2021-04-16T16:44:22, false
62D54C7D-9783-4C74-9C2E-0A160C312F22, 2021-04-16T16:45:22, false
62D54C7D-9783-4C74-9C2E-0A160C312F22, 2021-04-16T16:46:22, false
62D54C7D-9783-4C74-9C2E-0A160C312F22, 2021-04-16T16:47:22, false
62D54C7D-9783-4C74-9C2E-0A160C312F22, 2021-04-16T16:48:22, false
62D54C7D-9783-4C74-9C2E-0A160C312F22, 2021-04-16T16:49:22, false
62D54C7D-9783-4C74-9C2E-0A160C312F22, 2021-04-16T16:50:22, false
62D54C7D-9783-4C74-9C2E-0A160C312F22, 2021-04-16T16:51:22, false
62D54C7D-9783-4C74-9C2E-0A160C312F22, 2021-04-16T16:52:22, false
62D54C7D-9783-4C74-9C2E-0A160C312F22, 2021-04-16T16:53:22, false
62D54C7D-9783-4C74-9C2E-0A160C312F22, 2021-04-16T16:54:22, false
62D54C7D-9783-4C74-9C2E-0A160C312F22, 2021-04-16T16:55:22, false
62D54C7D-9783-4C74-9C2E-0A160C312F22, 2021-04-16T16:56:22, false
62D54C7D-9783-4C74-9C2E-0A160C312F22, 2021-04-16T16:57:22, false
62D54C7D-9783-4C74-9C2E-0A160C312F22, 2021-04-16T16:58:22, false
62D54C7D-9783-4C74-9C2E-0A160C312F22, 2021-04-16T16:59:22, false
62D54C7D-9783-4C74-9C2E-0A160C312F22, 2021-04-16T17:00:22, false
62D54C7D-9783-4C74-9C2E-0A160C312F22, 2021-04-16T17:01:22, false
62D54C7D-9783-4C74-9C2E-0A160C312F22, 2021-04-16T17:02:22, false
62D54C7D-9783-4C74-9C2E-0A160C312F22, 2021-04-16T17:03:22, false
62D54C7D-9783-4C74-9C2E-0A160C312F22, 2021-04-16T17:04:22, false
62D54C7D-9783-4C74-9C2E-0A160C312F22, 2021-04-16T17:05:22, false
62D54C7D-9783-4C74-9C2E-0A160C312F22, 2021-04-16T17:06:22, false
62D54C7D-9783-4C74-9C2E-0A160C312F22, 2021-04-16T17:07:22, false
62D54C7D-9783-4C74-9C2E-0A160C312F22, 2021-04-16T17:08:22, false
62D54C7D-9783-4C74-9C2E-0A160C312F22, 2021-04-16T17:09:22, false
62D54C7D-9783-4C74-9C2E-0A160C312F22, 2021-04-16T17:10:22, false
62D54C7D-9783-4C74-9C2E-0A160C312F22, 2021-04-16T17:11:22, false
62D54C7D-9783-4C74-9C2E-0A160C312F22, 2021-04-16T17:12:22, false
62D54C7D-9783-4C74-9C2E-0A160C312F22, 2021-04-16T17:13:22, false
62D54C7D-9783-4C74-9C2E-0A160C312F22, 2021-04-16T17:14:22, false
62D54C7D-9783-4C74-9C2E-0A160C312F22, 2021-04-16T17:15:22, false
62D54C7D-9783-4C74-9C2E-0A160C312F22, 2021-04-16T17:16:22, false
62D54C7D-9783-4C74-9C2E-0A160C312F22, 2021-04-16T17:17:22, false
62D54C7D-9783-4C74-9C2E-0A160C312F22, 2021-04-16T17:18:22, false
62D54C7D-9783-4C74-9C2E-0A160C312F22, 2021-04-16T17:19:22, false
62D54C7D-9783-4C74-9C2E-0A160C312F22, 2021-04-16T17:20:22, false
62D54C7D-9783-4C74-9C2E-0A160C312F22, 2021-04-16T17:21:22, false
62D54C7D-9783-4C74-9C2E-0A160C312F22, 2021-04-16T17:22:22, false
62D54C7D-9783-4C74-9C2E-0A160C312F22, 2021-04-16T17:23:22, false
62D54C7D-9783-4C74-9C2E-0A160C312F22, 2021-04-16T17:24:22, false
62D54C7D-9783-4C74-9C2E-0A160C312F22, 2021-04-16T17:25:22, false
62D54C7D-9783-4C74-9C2E-0A160C312F22, 2021-04-16T17:26:22, false
62D54C7D-9783-4C74-9C2E-0A160C312F22, 2021-04-16T17:27:22, false
62D54C7D-9783-4C74-9C2E-0A160C312F22, 2021-04-16T17:28:22, false
62D54C7D-9783-4C74-9C2E-0A160C312F22, 2021-04-16T17:29:22, false
62D54C7D-9783-4C74-9C2E-0A160C312F22, 2021-04-16T17:30:22, false
62D54C7D-9783-4C74-9C2E-0A160C312F22, 2021-04-16T17:31:22, false
62D54C7D-9783-4C74-9C2E-0A160C312F22, 2021-04-16T17:32:22, false
62D54C7D-9783-4C74-9C2E-0A160C312F22, 2021-04-16T17:33:22, false
62D54C7D-9783-4C74-9C2E-0A160C312F22, 2021-04-16T17:34:22, false
62D54C7D-9783-4C74-9C2E-0A160C312F22, 2021-04-16T17:35:22, false
62D54C7D-9783-4C74-9C2E-0A160C312F22, 2021-04-16T17:36:22, false
62D54C7D-9783-4C74-9C2E-0A160C312F22, 2021-04-16T17:37:22, false
62D54C7D-9783-4C74-9C2E-0A160C312F22, 2021-04-16T17:38:22, false
62D54C7D-9783-4C74-9C2E-0A160C312F22, 2021-04-16T17:39:22, false
62D54C7D-9783-4C74-9C2E-0A160C312F22, 2021-04-16T17:40:22, false
62D54C7D-9783-4C74-9C2E-0A160C312F22, 2021-04-16T17:41:22, false
62D54C7D-9783-4C74-9C2E-0A160C312F22, 2021-04-16T17:42:22, false
62D54C7D-9783-4C74-9C2E-0A160C312F22, 2021-04-16T17:43:22, false
62D54C7D-9783-4C74-9C2E-0A160C312F22, 2021-04-16T17:44:22, false
62D54C7D-9783-4C74-9C2E-0A160C312F22, 2021-04-16T17:45:22, false
62D54C7D-9783-4C74-9C2E-0A160C312F22, 2021-04-16T17:46:22, false
62D54C7D-9783-4C74-9C2E-0A160C312F22, 2021-04-16T17:47:22, false
62D54C7D-9783-4C74-9C2E-0A160C312F22, 2021-04-16T17:48:22, false
62D54C7D-9783-4C74-9C2E-0A160C312F22, 2021-04-16T17:49:22, false
62D54C7D-9783-4C74-9C2E-0A160C312F22, 2021-04-16T17:50:22, false
62D54C7D-9783-4C74-9C2E-0A160C312F22, 2021-04-16T17:51:22, false
62D54C7D-9783-4C74-9C2E-0A160C312F22, 2021-04-16T17:52:22, false
62D54C7D-9783-4C74-9C2E-0A160C312F22, 2021-04-16T17:53:22, false
62D54C7D-9783-4C74-9C2E-0A160C312F22, 2021-04-16T17:54:22, false
62D54C7D-9783-4C74-9C2E-0A160C312F22, 2021-04-16T17:55:22, false
62D54C7D-9783-4C74-9C2E-0A160C312F22, 2021-04-16T17:56:22, false
62D54C7D-9783-4C74-9C2E-0A160C312F22, 2021-04-16T17:57:22, false
62D54C7D-9783-4C74-9C2E-0A160C312F22, 2021-04-16T17:58:22, false
62D54C7D-9783-4C74-9C2E-0A160C312F22, 2021-04-16T17:59:22, false
62D54C7D-9783-4C74-9C2E-0A160C312F22, 2021-04-16T18:00:22, false
62D54C7D-9783-4C74-9C2E-0A160C312F22, 2021-04-16T18:01:22, false
62D54C7D-9783-4C74-9C2E-0A160C312F22, 2021-04-16T18:02:22, false
62D54C7D-9783-4C74-9C2E-0A160C312F22, 2021-04-16T18:03:22, false
62D54C7D-9783-4C74-9C2E-0A160C312F22, 2021-04-16T18:04:22, false
62D54C7D-9783-4C74-9C2E-0A160C312F22, 2021-04-16T18:05:22, false
62D54C7D-9783-4C74-9C2E-0A160C312F22, 2021-04-16T18:06:22, false
62D54C7D-9783-4C74-9C2E-0A160C312F22, 2021-04-16T18:07:22, false
62D54C7D-9783-4C74-9C2E-0A160C312F22, 2021-04-16T18:08:22, false
62D54C7D-9783-4C74-9C2E-0A160C312F22, 2021-04-16T18:09:22, false
62D54C7D-9783-4C74-9C2E-0A160C312F22, 2021-04-16T18:10:22, false
62D54C7D-9783-4C74-9C2E-0A160C312F22, 2021-04-16T18:11:22, false
62D54C7D-9783-4C74-9C2E-0A160C312F22, 2021-04-16T18:12:22, false
62D54C7D-9783-4C74-9C2E-0A160C312F22, 2021-04-16T18:13:22, false
62D54C7D-9783-4C74-9C2E-0A160C312F22, 2021-04-16T18:14:22, false
62D54C7D-9783-4C74-9C2E-0A160C312F22, 2021-04-16T18:15:22, false
62D54C7D-9783-4C74-9C2E-0A160C312F22, 2021-04-16T18:16:22, false
62D54C7D-9783-4C74-9C2E-0A160C312F22, 2021-04-16T18:17:22, false
62D54C7D-9783-4C74-9C2E-0A160C312F22, 2021-04-16T18:18:22, false
62D54C7D-9783-4C74-9C2E-0A160C312F22, 2021-04-16T18:19:22, false
62D54C7D-9783-4C74-9C2E-0A160C312F22, 2021-04-16T18:20:22, false
62D54C7D-9783-4C74-9C2E-0A160C312F22, 2021-04-16T18:21:22, false
62D54C7D-9783-4C74-9C2E-0A160C312F22, 2021-04-16T18:22:22, false
62D54C7D-9783-4C74-9C2E-0A160C312F22, 2021-04-16T18:23:22, false
62D54C7D-9783-4C74-9C2E-0A160C312F22, 2021-04-16T18:24:22, false
62D54C7D-9783-4C74-9C2E-0A160C312F22, 2021-04-16T18:25:22, false
62D54C7D-9783-4C74-9C2E-0A160C312F22, 2021-04-16T18:26:22, false
62D54C7D-9783-4C74-9C2E-0A160C312F22, 2021-04-16T18:27:22, false
62D54C7D-9783-4C74-9C2E-0A160C312F22, 2021-04-16T18:28:22, false
62D54C7D-9783-4C74-9C2E-0A160C312F22, 2021-04-16T18:29:22, false
62D54C7D-9783-4C74-9C2E-0A160C312F22, 2021-04-16T18:30:22, false
62D54C7D-9783-4C74-9C2E-0A160C312F22, 2021-04-16T18:31:22, false
62D54C7D-9783-4C74-9C2E-0A160C312F22, 2021-04-16T18:32:22, false
62D54C7D-9783-4C74-9C2E-0A160C312F22, 2021-04-16T18:33:22, false
62D54C7D-9783-4C74-9C2E-0A160C312F22, 2021-04-16T18:34:22, false
62D54C7D-9783-4C74-9C2E-0A160C312F22, 2021-04-16T18:35:22, false
62D54C7D-9783-4C74-9C2E-0A160C312F22, 2021-04-16T18:36:22, false
62D54C7D-9783-4C74-9C2E-0A160C312F22, 2021-04-16T18:37:22, false
62D54C7D-9783-4C74-9C2E-0A160C312F22, 2021-04-16T18:38:22, false
62D54C7D-9783-4C74-9C2E-0A160C312F22, 2021-04-16T18:39:22, false
62D54C7D-9783-4C74-9C2E-0A160C312F22, 2021-04-16T18:40:22, false
62D54C7D-9783-4C74-9C2E-0A160C312F22, 2021-04-16T18:41:22, false
62D54C7D-9783-4C74-9C2E-0A160C312F22, 2021-04-16T18:42:22, false
62D54C7D-9783-4C74-9C2E-0A160C312F22, 2021-04-16T18:43:22, false
62D54C7D-9783-4C74-9C2E-0A160C312F22, 2021-04-16T18:44:22, false
62D54C7D-9783-4C74-9C2E-0A160C312F22, 2021-04-16T18:45:22, false
62D54C7D-9783-4C74-9C2E-0A160C312F22, 2021-04-16T18:46:22, false
62D54C7D-9783-4C74-9C2E-0A160C312F22, 2021-04-16T18:47:22, false
62D54C7D-9783-4C74-9C2E-0A160C312F22, 2021-04-16T18:48:22, false
62D54C7D-9783-4C74-9C2E-0A160C312F22, 2021-04-16T18:49:22, false
62D54C7D-9783-4C74-9C2E-0A160C312F22, 2021-04-16T18:50:22, false
62D54C7D-9783-4C74-9C2E-0A160C312F22, 2021-04-16T18:51:22, false
62D54C7D-9783-4C74-9C2E-0A160C312F22, 2021-04-16T18:52:22, false
62D54C7D-9783-4C74-9C2E-0A160C312F22, 2021-04-16T18:53:22, false
62D54C7D-9783-4C74-9C2E-0A160C312F22, 2021-04-16T18:54:22, false
62D54C7D-9783-4C74-9C2E-0A160C312F22, 2021-04-16T18:55:22, false
62D54C7D-9783-4C74-9C2E-0A160C312F22, 2021-04-16T18:56:22, false
62D54C7D-9783-4C74-9C2E-0A160C312F22, 2021-04-16T18:57:22, false
62D54C7D-9783-4C74-9C2E-0A160C312F22, 2021-04-16T18:58:22, false
62D54C7D-9783-4C74-9C2E-0A160C312F22, 2021-04-16T18:59:22, false
62D54C7D-9783-4C74-9C2E-0A160C312F22, 2021-04-16T19:00:22, false
62D54C7D-9783-4C74-9C2E-0A160C312F22, 2021-04-16T19:01:22, false
62D54C7D-9783-4C74-9C2E-0A160C312F22, 2021-04-16T19:02:22, false
62D54C7D-9783-4C74-9C2E-0A160C312F22, 2021-04-16T19:03:22, false
62D54C7D-9783-4C74-9C2E-0A160C312F22, 2021-04-16T19:04:22, false
62D54C7D-9783-4C74-9C2E-0A160C312F22, 2021-04-16T19:05:22, false
62D54C7D-9783-4C74-9C2E-0A160C312F22, 2021-04-16T19:06:22, false
62D54C7D-9783-4C74-9C2E-0A160C312F22, 2021-04-16T19:07:22, false
62D54C7D-9783-4C74-9C2E-0A160C312F22, 2021-04-16T19:08:22, false
62D54C7D-9783-4C74-9C2E-0A160C312F22, 2021-04-16T19:09:22, false
62D54C7D-9783-4C74-9C2E-0A160C312F22, 2021-04-16T19:10:22, false
62D54C7D-9783-4C74-9C2E-0A160C312F22, 2021-04-16T19:11:22, false
62D54C7D-9783-4C74-9C2E-0A160C312F22, 2021-04-16T19:12:22, false
62D54C7D-9783-4C74-9C2E-0A160C312F22, 2021-04-16T19:13:22, false
62D54C7D-9783-4C74-9C2E-0A160C312F22, 2021-04-16T19:14:22, false
62D54C7D-9783-4C74-9C2E-0A160C312F22, 2021-04-16T19:15:22, false
62D54C7D-9783-4C74-9C2E-0A160C312F22, 2021-04-16T19:16:22, false
62D54C7D-9783-4C74-9C2E-0A160C312F22, 2021-04-16T19:17:22, false
62D54C7D-9783-4C74-9C2E-0A160C312F22, 2021-04-16T19:18:22, false
62D54C7D-9783-4C74-9C2E-0A160C312F22, 2021-04-16T19:19:22, false
62D54C7D-9783-4C74-9C2E-0A160C312F22, 2021-04-16T19:20:22, false
62D54C7D-9783-4C74-9C2E-0A160C312F22, 2021-04-16T19:21:22, false
62D54C7D-9783-4C74-9C2E-0A160C312F22, 2021-04-16T19:22:22, false
62D54C7D-9783-4C74-9C2E-0A160C312F22, 2021-04-16T19:23:22, false
62D54C7D-9783-4C74-9C2E-0A160C312F22, 2021-04-16T19:24:22, false
62D54C7D-9783-4C74-9C2E-0A160C312F22, 2021-04-16T19:25:22, false
62D54C7D-9783-4C74-9C2E-0A160C312F22, 2021-04-16T19:26:22, false
62D54C7D-9783-4C74-9C2E-0A160C312F22, 2021-04-16T19:27:22, false
62D54C7D-9783-4C74-9C2E-0A160C312F22, 2021-04-16T19:28:22, false
62D54C7D-9783-4C74-9C2E-0A160C312F22, 2021-04-16T19:29:22, false
62D54C7D-9783-4C74-9C2E-0A160C312F22, 2021-04-16T19:30:22, false
62D54C7D-9783-4C74-9C2E-0A160C312F22, 2021-04-16T19:31:22, false
62D54C7D-9783-4C74-9C2E-0A160C312F22, 2021-04-16T19:32:22, false
62D54C7D-9783-4C74-9C2E-0A160C312F22, 2021-04-16T19:33:22, false
62D54C7D-9783-4C74-9C2E-0A160C312F22, 2021-04-16T19:34:22, false
62D54C7D-9783-4C74-9C2E-0A160C312F22, 2021-04-16T19:35:22, false
62D54C7D-9783-4C74-9C2E-0A160C312F22, 2021-04-16T19:36:22, false
62D54C7D-9783-4C74-9C2E-0A160C312F22, 2021-04-16T19:37:22, false
62D54C7D-9783-4C74-9C2E-0A160C312F22, 2021-04-16T19:38:22, false
62D54C7D-9783-4C74-9C2E-0A160C312F22, 2021-04-16T19:39:22, false
62D54C7D-9783-4C74-9C2E-0A160C312F22, 2021-04-16T19:40:22, false
62D54C7D-9783-4C74-9C2E-0A160C312F22, 2021-04-16T19:41:22, false
62D54C7D-9783-4C74-9C2E-0A160C312F22, 2021-04-16T19:42:22, false
62D54C7D-9783-4C74-9C2E-0A160C312F22, 2021-04-16T19:43:22, false
62D54C7D-9783-4C74-9C2E-0A160C312F22, 2021-04-16T19:44:22, false
62D54C7D-9783-4C74-9C2E-0A160C312F22, 2021-04-16T19:45:22, false
62D54C7D-9783-4C74-9C2E-0A160C312F22, 2021-04-16T19:46:22, false
62D54C7D-9783-4C74-9C2E-0A160C312F22, 2021-04-16T19:47:22, false
62D54C7D-9783-4C74-9C2E-0A160C312F22, 2021-04-16T19:48:22, false
62D54C7D-9783-4C74-9C2E-0A160C312F22, 2021-04-16T19:49:22, false
62D54C7D-9783-4C74-9C2E-0A160C312F22, 2021-04-16T19:50:22, false
62D54C7D-9783-4C74-9C2E-0A160C312F22, 2021-04-16T19:51:22, false
62D54C7D-9783-4C74-9C2E-0A160C312F22, 2021-04-16T19:52:22, false
62D54C7D-9783-4C74-9C2E-0A160C312F22, 2021-04-16T19:53:22, false
62D54C7D-9783-4C74-9C2E-0A160C312F22, 2021-04-16T19:54:22, false
62D54C7D-9783-4C74-9C2E-0A160C312F22, 2021-04-16T19:55:22, false
62D54C7D-9783-4C74-9C2E-0A160C312F22, 2021-04-16T19:56:22, false
62D54C7D-9783-4C74-9C2E-0A160C312F22, 2021-04-16T19:57:22, false
62D54C7D-9783-4C74-9C2E-0A160C312F22, 2021-04-16T19:58:22, false
62D54C7D-9783-4C74-9C2E-0A160C312F22, 2021-04-16T19:59:22, false
62D54C7D-9783-4C74-9C2E-0A160C312F22, 2021-04-16T20:00:22, false
62D54C7D-9783-4C74-9C2E-0A160C312F22, 2021-04-16T20:01:22, false
62D54C7D-9783-4C74-9C2E-0A160C312F22, 2021-04-16T20:02:22, false
62D54C7D-9783-4C74-9C2E-0A160C312F22, 2021-04-16T20:03:22, false
62D54C7D-9783-4C74-9C2E-0A160C312F22, 2021-04-16T20:04:22, false
62D54C7D-9783-4C74-9C2E-0A160C312F22, 2021-04-16T20:05:22, false
62D54C7D-9783-4C74-9C2E-0A160C312F22, 2021-04-16T20:06:22, false
62D54C7D-9783-4C74-9C2E-0A160C312F22, 2021-04-16T20:07:22, false
62D54C7D-9783-4C74-9C2E-0A160C312F22, 2021-04-16T20:08:22, false
62D54C7D-9783-4C74-9C2E-0A160C312F22, 2021-04-16T20:09:22, false
62D54C7D-9783-4C74-9C2E-0A160C312F22, 2021-04-16T20:10:22, false
62D54C7D-9783-4C74-9C2E-0A160C312F22, 2021-04-16T20:11:22, false
62D54C7D-9783-4C74-9C2E-0A160C312F22, 2021-04-16T20:12:22, false
62D54C7D-9783-4C74-9C2E-0A160C312F22, 2021-04-16T20:13:22, false
62D54C7D-9783-4C74-9C2E-0A160C312F22, 2021-04-16T20:14:22, false
62D54C7D-9783-4C74-9C2E-0A160C312F22, 2021-04-16T20:15:22, false
62D54C7D-9783-4C74-9C2E-0A160C312F22, 2021-04-16T20:16:22, false
62D54C7D-9783-4C74-9C2E-0A160C312F22, 2021-04-16T20:17:22, false
62D54C7D-9783-4C74-9C2E-0A160C312F22, 2021-04-16T20:18:22, false
62D54C7D-9783-4C74-9C2E-0A160C312F22, 2021-04-16T20:19:22, false
62D54C7D-9783-4C74-9C2E-0A160C312F22, 2021-04-16T20:20:22, false
62D54C7D-9783-4C74-9C2E-0A160C312F22, 2021-04-16T20:21:22, false
62D54C7D-9783-4C74-9C2E-0A160C312F22, 2021-04-16T20:22:22, false
62D54C7D-9783-4C74-9C2E-0A160C312F22, 2021-04-16T20:23:22, false
62D54C7D-9783-4C74-9C2E-0A160C312F22, 2021-04-16T20:24:22, false
62D54C7D-9783-4C74-9C2E-0A160C312F22, 2021-04-16T20:25:22, false
62D54C7D-9783-4C74-9C2E-0A160C312F22, 2021-04-16T20:26:22, false
62D54C7D-9783-4C74-9C2E-0A160C312F22, 2021-04-16T20:27:22, false
62D54C7D-9783-4C74-9C2E-0A160C312F22, 2021-04-16T20:28:22, false
62D54C7D-9783-4C74-9C2E-0A160C312F22, 2021-04-16T20:29:22, false
62D54C7D-9783-4C74-9C2E-0A160C312F22, 2021-04-16T20:30:22, false
